,Name,Household Income,Asian Amer.,Black Amer.,Hispanic Amer.,White Amer.,Other,state,Zipcode
1963,ZCTA5 07001,71943.0,3695.0,4362.0,3714.0,8971.0,821.0,34,07001
1964,ZCTA5 07002,59924.0,6435.0,7510.0,20534.0,41368.0,7325.0,34,07002
1965,ZCTA5 07003,76487.0,4273.0,9744.0,13969.0,30144.0,3268.0,34,07003
1966,ZCTA5 07004,117750.0,313.0,0.0,594.0,6920.0,18.0,34,07004
1967,ZCTA5 07005,111380.0,1468.0,481.0,1522.0,12498.0,261.0,34,07005
1968,ZCTA5 07006,117828.0,1330.0,355.0,1782.0,23266.0,276.0,34,07006
1969,ZCTA5 07008,74676.0,4967.0,3930.0,8388.0,12578.0,1308.0,34,07008
1970,ZCTA5 07009,119946.0,874.0,858.0,674.0,10646.0,1.0,34,07009
1971,ZCTA5 07010,66952.0,4030.0,849.0,7917.0,16721.0,2372.0,34,07010
1972,ZCTA5 07011,57517.0,1906.0,3284.0,22122.0,23508.0,10330.0,34,07011
1973,ZCTA5 07012,80881.0,2048.0,228.0,1948.0,9306.0,171.0,34,07012
1974,ZCTA5 07013,91963.0,3512.0,1217.0,6503.0,19636.0,1986.0,34,07013
1975,ZCTA5 07014,93023.0,654.0,584.0,1442.0,3315.0,244.0,34,07014
1976,ZCTA5 07016,126655.0,800.0,604.0,2423.0,21187.0,905.0,34,07016
1977,ZCTA5 07017,44805.0,426.0,30183.0,4952.0,1077.0,3672.0,34,07017
1978,ZCTA5 07018,44869.0,295.0,24843.0,2357.0,1030.0,1855.0,34,07018
1979,ZCTA5 07020,107143.0,4272.0,563.0,1686.0,6706.0,254.0,34,07020
1980,ZCTA5 07021,198750.0,77.0,0.0,128.0,2011.0,0.0,34,07021
1981,ZCTA5 07022,57706.0,809.0,558.0,8785.0,10770.0,1676.0,34,07022
1982,ZCTA5 07023,133452.0,468.0,274.0,611.0,6552.0,0.0,34,07023
1983,ZCTA5 07024,78151.0,15722.0,927.0,5306.0,18449.0,795.0,34,07024
1984,ZCTA5 07026,57181.0,861.0,1338.0,11537.0,26360.0,1982.0,34,07026
1985,ZCTA5 07027,84896.0,75.0,51.0,657.0,4094.0,50.0,34,07027
1986,ZCTA5 07028,213138.0,430.0,474.0,692.0,6198.0,32.0,34,07028
1987,ZCTA5 07029,65377.0,3562.0,683.0,9490.0,9626.0,4506.0,34,07029
1988,ZCTA5 07030,136402.0,4865.0,1646.0,8393.0,43784.0,1114.0,34,07030
1989,ZCTA5 07031,75291.0,1075.0,415.0,4449.0,12731.0,1159.0,34,07031
1990,ZCTA5 07032,67284.0,1958.0,1900.0,20816.0,28183.0,7545.0,34,07032
1991,ZCTA5 07033,98624.0,416.0,174.0,1879.0,6535.0,629.0,34,07033
1992,ZCTA5 07034,85293.0,2516.0,332.0,872.0,5607.0,234.0,34,07034
1993,ZCTA5 07035,93377.0,336.0,246.0,1313.0,9603.0,146.0,34,07035
1994,ZCTA5 07036,68531.0,1459.0,13146.0,12970.0,23601.0,3807.0,34,07036
1995,ZCTA5 07039,163403.0,6995.0,681.0,1045.0,20946.0,395.0,34,07039
1996,ZCTA5 07040,131607.0,625.0,9258.0,1790.0,13109.0,593.0,34,07040
1997,ZCTA5 07041,109167.0,1390.0,432.0,504.0,4909.0,125.0,34,07041
1998,ZCTA5 07042,103345.0,840.0,8600.0,2982.0,14574.0,709.0,34,07042
1999,ZCTA5 07043,191706.0,569.0,668.0,1063.0,10836.0,206.0,34,07043
2000,ZCTA5 07044,120408.0,822.0,222.0,892.0,12245.0,70.0,34,07044
2001,ZCTA5 07045,166429.0,2099.0,127.0,584.0,8234.0,0.0,34,07045
2002,ZCTA5 07046,212426.0,670.0,22.0,197.0,3548.0,0.0,34,07046
2003,ZCTA5 07047,61734.0,4358.0,2293.0,43909.0,41914.0,10970.0,34,07047
2004,ZCTA5 07050,38526.0,387.0,21108.0,7592.0,4297.0,4184.0,34,07050
2005,ZCTA5 07052,99845.0,3672.0,13091.0,9204.0,26603.0,2169.0,34,07052
2006,ZCTA5 07054,94665.0,11473.0,1256.0,3406.0,15661.0,316.0,34,07054
2007,ZCTA5 07055,36288.0,2049.0,5735.0,51718.0,40604.0,19618.0,34,07055
2008,ZCTA5 07057,65212.0,838.0,468.0,1559.0,10115.0,88.0,34,07057
2009,ZCTA5 07058,136122.0,1290.0,0.0,528.0,3601.0,0.0,34,07058
2010,ZCTA5 07059,165030.0,2888.0,148.0,872.0,12429.0,0.0,34,07059
2011,ZCTA5 07060,58796.0,1299.0,13301.0,23160.0,16015.0,13852.0,34,07060
2012,ZCTA5 07062,71004.0,124.0,6771.0,3767.0,2879.0,2610.0,34,07062
2013,ZCTA5 07063,71144.0,299.0,5884.0,5534.0,4024.0,3159.0,34,07063
2014,ZCTA5 07064,82361.0,571.0,608.0,1151.0,2708.0,150.0,34,07064
2015,ZCTA5 07065,74164.0,886.0,8635.0,9524.0,15051.0,3555.0,34,07065
2016,ZCTA5 07066,100464.0,688.0,213.0,2195.0,14425.0,141.0,34,07066
2017,ZCTA5 07067,105330.0,2781.0,1176.0,1739.0,13180.0,506.0,34,07067
2018,ZCTA5 07068,126250.0,518.0,0.0,390.0,5102.0,98.0,34,07068
2019,ZCTA5 07069,153707.0,890.0,60.0,629.0,5002.0,14.0,34,07069
2020,ZCTA5 07070,96384.0,3000.0,383.0,3212.0,14153.0,182.0,34,07070
2021,ZCTA5 07071,78036.0,1536.0,456.0,4884.0,18630.0,904.0,34,07071
2022,ZCTA5 07072,100792.0,556.0,41.0,1490.0,5368.0,55.0,34,07072
2023,ZCTA5 07073,78429.0,1579.0,603.0,2217.0,6560.0,416.0,34,07073
2024,ZCTA5 07074,65688.0,197.0,30.0,849.0,1990.0,321.0,34,07074
2025,ZCTA5 07075,92989.0,1012.0,264.0,1142.0,6673.0,212.0,34,07075
2026,ZCTA5 07076,128750.0,2080.0,2610.0,1979.0,18310.0,553.0,34,07076
2027,ZCTA5 07077,77396.0,65.0,185.0,585.0,1913.0,71.0,34,07077
2028,ZCTA5 07078,250001.0,3083.0,34.0,501.0,9346.0,326.0,34,07078
2029,ZCTA5 07079,133281.0,848.0,4323.0,1117.0,10423.0,141.0,34,07079
2030,ZCTA5 07080,100573.0,3695.0,2972.0,4348.0,14785.0,1604.0,34,07080
2031,ZCTA5 07081,114296.0,1727.0,1550.0,1860.0,13140.0,885.0,34,07081
2032,ZCTA5 07082,116791.0,622.0,6.0,422.0,4318.0,181.0,34,07082
2033,ZCTA5 07083,87952.0,5914.0,15788.0,10162.0,27738.0,4241.0,34,07083
2034,ZCTA5 07086,94544.0,1566.0,469.0,5164.0,10583.0,987.0,34,07086
2035,ZCTA5 07087,45620.0,2601.0,3305.0,52830.0,50748.0,9419.0,34,07087
2036,ZCTA5 07088,52299.0,51.0,2506.0,299.0,359.0,212.0,34,07088
2037,ZCTA5 07090,168983.0,2147.0,903.0,2301.0,25463.0,1031.0,34,07090
2038,ZCTA5 07092,130345.0,421.0,129.0,566.0,6058.0,73.0,34,07092
2039,ZCTA5 07093,54824.0,4230.0,2191.0,47289.0,38544.0,16802.0,34,07093
2040,ZCTA5 07094,101184.0,5395.0,691.0,4235.0,12063.0,633.0,34,07094
2041,ZCTA5 07095,82917.0,4232.0,2308.0,5079.0,11312.0,958.0,34,07095
2042,ZCTA5 07102,25351.0,862.0,6612.0,3338.0,3558.0,1466.0,34,07102
2043,ZCTA5 07103,29304.0,804.0,25693.0,4942.0,2860.0,2402.0,34,07103
2044,ZCTA5 07104,36799.0,989.0,13603.0,33767.0,18642.0,15198.0,34,07104
2045,ZCTA5 07105,44721.0,406.0,4241.0,26351.0,31782.0,14496.0,34,07105
2046,ZCTA5 07106,39562.0,1925.0,26409.0,3869.0,1377.0,2957.0,34,07106
2047,ZCTA5 07107,31366.0,546.0,13048.0,22031.0,10485.0,12067.0,34,07107
2048,ZCTA5 07108,26317.0,64.0,18827.0,2925.0,1083.0,1837.0,34,07108
2049,ZCTA5 07109,70054.0,3930.0,4065.0,16491.0,21693.0,4841.0,34,07109
2050,ZCTA5 07110,95259.0,3091.0,795.0,4636.0,22561.0,1212.0,34,07110
2051,ZCTA5 07111,41868.0,937.0,46896.0,5001.0,3776.0,1902.0,34,07111
2052,ZCTA5 07112,35680.0,185.0,23590.0,1242.0,536.0,1080.0,34,07112
2053,ZCTA5 07114,26970.0,101.0,7539.0,3542.0,2917.0,2055.0,34,07114
2054,ZCTA5 07201,46160.0,307.0,6986.0,16969.0,14387.0,4802.0,34,07201
2055,ZCTA5 07202,48527.0,784.0,5491.0,28079.0,16952.0,16393.0,34,07202
2056,ZCTA5 07203,61804.0,359.0,11466.0,6309.0,4817.0,4369.0,34,07203
2057,ZCTA5 07204,71846.0,1148.0,1037.0,3815.0,8474.0,2490.0,34,07204
2058,ZCTA5 07205,71102.0,708.0,11751.0,4172.0,6040.0,2644.0,34,07205
2059,ZCTA5 07206,44048.0,176.0,5758.0,18999.0,8199.0,12364.0,34,07206
2060,ZCTA5 07208,47728.0,1355.0,5545.0,18559.0,18061.0,5188.0,34,07208
2061,ZCTA5 07302,123617.0,12676.0,3568.0,8260.0,23705.0,1307.0,34,07302
2062,ZCTA5 07304,48238.0,6422.0,17037.0,14901.0,10107.0,9189.0,34,07304
2063,ZCTA5 07305,51755.0,10298.0,31635.0,16467.0,12188.0,8476.0,34,07305
2064,ZCTA5 07306,53327.0,19158.0,6331.0,15375.0,22437.0,3141.0,34,07306
2065,ZCTA5 07307,62562.0,8832.0,3412.0,20202.0,19558.0,9319.0,34,07307
2066,ZCTA5 07310,153657.0,8129.0,510.0,836.0,3261.0,288.0,34,07310
2067,ZCTA5 07311,186780.0,79.0,34.0,48.0,291.0,0.0,34,07311
2068,ZCTA5 07401,158977.0,714.0,84.0,131.0,5807.0,0.0,34,07401
2069,ZCTA5 07403,90372.0,426.0,199.0,1262.0,7124.0,129.0,34,07403
2070,ZCTA5 07405,116692.0,938.0,98.0,2679.0,16062.0,131.0,34,07405
2071,ZCTA5 07407,77887.0,1750.0,1517.0,5326.0,14790.0,1241.0,34,07407
2072,ZCTA5 07410,115512.0,4126.0,622.0,4561.0,27421.0,296.0,34,07410
2073,ZCTA5 07416,69085.0,40.0,150.0,311.0,5189.0,40.0,34,07416
2074,ZCTA5 07417,159883.0,939.0,260.0,901.0,9249.0,230.0,34,07417
2075,ZCTA5 07418,130563.0,19.0,102.0,100.0,2183.0,0.0,34,07418
2076,ZCTA5 07419,88339.0,165.0,283.0,424.0,8225.0,84.0,34,07419
2077,ZCTA5 07420,81737.0,362.0,272.0,754.0,4020.0,187.0,34,07420
2078,ZCTA5 07421,92274.0,174.0,133.0,508.0,6457.0,271.0,34,07421
2079,ZCTA5 07422,93217.0,20.0,127.0,729.0,6009.0,36.0,34,07422
2080,ZCTA5 07423,191645.0,299.0,12.0,402.0,3703.0,42.0,34,07423
2081,ZCTA5 07424,85254.0,1468.0,1478.0,4908.0,21893.0,894.0,34,07424
2082,ZCTA5 07430,104800.0,3474.0,766.0,2723.0,21289.0,500.0,34,07430
2083,ZCTA5 07432,119231.0,125.0,90.0,994.0,6851.0,113.0,34,07432
2084,ZCTA5 07435,121599.0,147.0,0.0,64.0,2353.0,19.0,34,07435
2085,ZCTA5 07436,117996.0,832.0,256.0,820.0,11741.0,0.0,34,07436
2086,ZCTA5 07438,109539.0,141.0,110.0,838.0,10846.0,107.0,34,07438
2087,ZCTA5 07439,90402.0,69.0,5.0,248.0,2267.0,0.0,34,07439
2088,ZCTA5 07440,117159.0,71.0,25.0,383.0,3877.0,54.0,34,07440
2089,ZCTA5 07442,97782.0,670.0,176.0,2072.0,9604.0,315.0,34,07442
2090,ZCTA5 07444,94121.0,162.0,2.0,887.0,10346.0,440.0,34,07444
2091,ZCTA5 07446,144491.0,1251.0,74.0,768.0,13454.0,19.0,34,07446
2092,ZCTA5 07450,168807.0,3708.0,475.0,1974.0,20103.0,108.0,34,07450
2093,ZCTA5 07452,166450.0,1152.0,166.0,854.0,9970.0,28.0,34,07452
2094,ZCTA5 07456,128272.0,573.0,270.0,999.0,10776.0,208.0,34,07456
2095,ZCTA5 07457,109851.0,209.0,0.0,561.0,3812.0,159.0,34,07457
2096,ZCTA5 07458,168125.0,1761.0,467.0,1209.0,8550.0,119.0,34,07458
2097,ZCTA5 07460,109688.0,19.0,115.0,336.0,3232.0,0.0,34,07460
2098,ZCTA5 07461,86178.0,338.0,241.0,1137.0,17476.0,31.0,34,07461
2099,ZCTA5 07462,84574.0,0.0,237.0,606.0,5746.0,117.0,34,07462
2100,ZCTA5 07463,119434.0,717.0,140.0,1005.0,8818.0,81.0,34,07463
2101,ZCTA5 07465,95915.0,267.0,177.0,670.0,6274.0,16.0,34,07465
2102,ZCTA5 07470,118044.0,4847.0,1018.0,6725.0,46797.0,657.0,34,07470
2103,ZCTA5 07480,99178.0,306.0,260.0,1753.0,15476.0,70.0,34,07480
2104,ZCTA5 07481,150329.0,893.0,109.0,699.0,15835.0,19.0,34,07481
2105,ZCTA5 07495,-666666666.0,0.0,0.0,0.0,0.0,0.0,34,07495
2106,ZCTA5 07501,28159.0,574.0,8426.0,20956.0,7185.0,14617.0,34,07501
2107,ZCTA5 07502,55726.0,2743.0,2735.0,9287.0,7086.0,3201.0,34,07502
2108,ZCTA5 07503,43921.0,218.0,1495.0,10949.0,7691.0,8097.0,34,07503
2109,ZCTA5 07504,58818.0,187.0,5190.0,5825.0,2788.0,2945.0,34,07504
2110,ZCTA5 07505,19625.0,119.0,1030.0,1136.0,523.0,707.0,34,07505
2111,ZCTA5 07506,96250.0,213.0,634.0,4548.0,16630.0,782.0,34,07506
2112,ZCTA5 07508,77468.0,593.0,2592.0,7496.0,16923.0,1862.0,34,07508
2113,ZCTA5 07512,101321.0,665.0,379.0,1711.0,9222.0,211.0,34,07512
2114,ZCTA5 07513,43305.0,0.0,1709.0,10225.0,2640.0,7610.0,34,07513
2115,ZCTA5 07514,42483.0,95.0,8602.0,9541.0,2863.0,6763.0,34,07514
2116,ZCTA5 07522,33543.0,1522.0,6399.0,11117.0,6894.0,4073.0,34,07522
2117,ZCTA5 07524,37333.0,30.0,3028.0,9714.0,5107.0,3834.0,34,07524
2118,ZCTA5 07601,67188.0,4809.0,11114.0,16907.0,21444.0,5334.0,34,07601
2119,ZCTA5 07603,83517.0,674.0,925.0,3520.0,5773.0,698.0,34,07603
2120,ZCTA5 07604,91911.0,1920.0,706.0,1686.0,8944.0,360.0,34,07604
2121,ZCTA5 07605,96131.0,3657.0,284.0,1599.0,4629.0,114.0,34,07605
2122,ZCTA5 07606,70735.0,38.0,73.0,1358.0,2179.0,223.0,34,07606
2123,ZCTA5 07607,88143.0,1409.0,406.0,2219.0,7070.0,303.0,34,07607
2124,ZCTA5 07608,28750.0,0.0,4.0,32.0,103.0,0.0,34,07608
2125,ZCTA5 07620,124844.0,464.0,118.0,121.0,892.0,20.0,34,07620
2126,ZCTA5 07621,96713.0,7451.0,1897.0,7863.0,14479.0,2795.0,34,07621
2127,ZCTA5 07624,132719.0,3294.0,140.0,343.0,5050.0,11.0,34,07624
2128,ZCTA5 07626,138256.0,2789.0,32.0,580.0,5775.0,38.0,34,07626
2129,ZCTA5 07627,158906.0,1606.0,0.0,345.0,3239.0,43.0,34,07627
2130,ZCTA5 07628,96017.0,2910.0,928.0,3303.0,12951.0,556.0,34,07628
2131,ZCTA5 07630,123808.0,797.0,43.0,1439.0,6396.0,24.0,34,07630
2132,ZCTA5 07631,84054.0,2369.0,8324.0,7758.0,14813.0,1547.0,34,07631
2133,ZCTA5 07632,146944.0,2249.0,77.0,406.0,2912.0,0.0,34,07632
2134,ZCTA5 07640,128380.0,918.0,32.0,300.0,3658.0,55.0,34,07640
2135,ZCTA5 07641,173750.0,556.0,45.0,120.0,2763.0,0.0,34,07641
2136,ZCTA5 07642,140694.0,885.0,299.0,739.0,8908.0,92.0,34,07642
2137,ZCTA5 07643,61144.0,2780.0,257.0,3217.0,6933.0,532.0,34,07643
2138,ZCTA5 07644,60651.0,2529.0,1827.0,8891.0,18289.0,1218.0,34,07644
2139,ZCTA5 07645,128641.0,1222.0,272.0,1077.0,6542.0,282.0,34,07645
2140,ZCTA5 07646,91900.0,3219.0,566.0,3013.0,11515.0,786.0,34,07646
2141,ZCTA5 07647,109567.0,1351.0,94.0,609.0,3868.0,9.0,34,07647
2142,ZCTA5 07648,127386.0,1579.0,32.0,320.0,4014.0,103.0,34,07648
2143,ZCTA5 07649,146103.0,1113.0,130.0,398.0,6486.0,81.0,34,07649
2144,ZCTA5 07650,64626.0,12192.0,216.0,4142.0,5893.0,1815.0,34,07650
2145,ZCTA5 07652,117087.0,7298.0,801.0,2558.0,17809.0,293.0,34,07652
2146,ZCTA5 07656,118560.0,352.0,100.0,1359.0,7995.0,163.0,34,07656
2147,ZCTA5 07657,67500.0,3379.0,134.0,3374.0,6956.0,404.0,34,07657
2148,ZCTA5 07660,80450.0,1531.0,822.0,5618.0,9636.0,624.0,34,07660
2149,ZCTA5 07661,123409.0,2530.0,243.0,1366.0,8060.0,432.0,34,07661
2150,ZCTA5 07662,81394.0,733.0,130.0,1280.0,4438.0,228.0,34,07662
2151,ZCTA5 07663,99094.0,1143.0,573.0,2275.0,11848.0,188.0,34,07663
2152,ZCTA5 07666,109677.0,3363.0,10762.0,7643.0,23007.0,2239.0,34,07666
2153,ZCTA5 07670,159722.0,4031.0,463.0,1387.0,9540.0,307.0,34,07670
2154,ZCTA5 07675,124346.0,2844.0,468.0,2889.0,22410.0,470.0,34,07675
2155,ZCTA5 07676,131875.0,533.0,42.0,1028.0,8472.0,109.0,34,07676
2156,ZCTA5 07677,167344.0,392.0,185.0,47.0,5176.0,0.0,34,07677
2157,ZCTA5 07701,82474.0,427.0,1227.0,4861.0,19490.0,2332.0,34,07701
2158,ZCTA5 07702,124500.0,151.0,16.0,109.0,3866.0,25.0,34,07702
2159,ZCTA5 07703,-666666666.0,0.0,0.0,24.0,57.0,0.0,34,07703
2160,ZCTA5 07704,170625.0,51.0,176.0,151.0,5664.0,20.0,34,07704
2161,ZCTA5 07711,126667.0,8.0,3.0,45.0,1537.0,7.0,34,07711
2162,ZCTA5 07712,64852.0,1942.0,9371.0,6691.0,23557.0,2161.0,34,07712
2163,ZCTA5 07716,96693.0,61.0,249.0,425.0,7847.0,86.0,34,07716
2164,ZCTA5 07717,88594.0,14.0,15.0,131.0,1685.0,23.0,34,07717
2165,ZCTA5 07718,112944.0,269.0,27.0,514.0,6439.0,251.0,34,07718
2166,ZCTA5 07719,95206.0,177.0,318.0,1670.0,20393.0,224.0,34,07719
2167,ZCTA5 07720,60362.0,28.0,329.0,462.0,3518.0,109.0,34,07720
2168,ZCTA5 07721,73211.0,299.0,816.0,493.0,1718.0,94.0,34,07721
2169,ZCTA5 07722,160048.0,183.0,126.0,468.0,9633.0,20.0,34,07722
2170,ZCTA5 07723,65982.0,3.0,1.0,66.0,674.0,17.0,34,07723
2171,ZCTA5 07724,79060.0,1175.0,2648.0,2531.0,16033.0,532.0,34,07724
2172,ZCTA5 07726,111484.0,3258.0,963.0,3206.0,38560.0,447.0,34,07726
2173,ZCTA5 07727,80438.0,383.0,677.0,695.0,6344.0,12.0,34,07727
2174,ZCTA5 07728,89484.0,3551.0,3809.0,9552.0,43887.0,2284.0,34,07728
2175,ZCTA5 07730,101118.0,690.0,361.0,1573.0,15696.0,84.0,34,07730
2176,ZCTA5 07731,106371.0,2122.0,1437.0,4261.0,33215.0,782.0,34,07731
2177,ZCTA5 07732,59234.0,49.0,116.0,109.0,4524.0,35.0,34,07732
2178,ZCTA5 07733,154187.0,3225.0,182.0,970.0,12518.0,200.0,34,07733
2179,ZCTA5 07734,56398.0,281.0,1077.0,1532.0,10552.0,488.0,34,07734
2180,ZCTA5 07735,72015.0,609.0,1304.0,2909.0,15473.0,789.0,34,07735
2181,ZCTA5 07737,97232.0,84.0,0.0,224.0,3726.0,47.0,34,07737
2182,ZCTA5 07738,142896.0,267.0,121.0,322.0,5853.0,35.0,34,07738
2183,ZCTA5 07739,162232.0,44.0,19.0,303.0,5775.0,0.0,34,07739
2184,ZCTA5 07740,58652.0,778.0,4573.0,9314.0,20802.0,3877.0,34,07740
2185,ZCTA5 07746,149401.0,2973.0,513.0,1020.0,14458.0,250.0,34,07746
2186,ZCTA5 07747,103580.0,2905.0,1562.0,3164.0,24855.0,743.0,34,07747
2187,ZCTA5 07748,116076.0,1107.0,204.0,1980.0,25496.0,139.0,34,07748
2188,ZCTA5 07750,133295.0,21.0,0.0,84.0,3090.0,15.0,34,07750
2189,ZCTA5 07751,148265.0,4604.0,268.0,939.0,14316.0,64.0,34,07751
2190,ZCTA5 07753,70994.0,1587.0,10555.0,3000.0,22470.0,1386.0,34,07753
2191,ZCTA5 07755,94886.0,61.0,92.0,375.0,5328.0,58.0,34,07755
2192,ZCTA5 07756,61199.0,48.0,53.0,173.0,3003.0,19.0,34,07756
2193,ZCTA5 07757,110329.0,119.0,22.0,412.0,5474.0,0.0,34,07757
2194,ZCTA5 07758,95186.0,117.0,51.0,350.0,3779.0,26.0,34,07758
2195,ZCTA5 07760,153942.0,122.0,82.0,378.0,8514.0,62.0,34,07760
2196,ZCTA5 07762,84368.0,228.0,174.0,154.0,7824.0,0.0,34,07762
2197,ZCTA5 07764,104566.0,58.0,362.0,486.0,7232.0,112.0,34,07764
2198,ZCTA5 07801,71485.0,1053.0,1963.0,14508.0,16399.0,4855.0,34,07801
2199,ZCTA5 07803,95268.0,302.0,91.0,777.0,2917.0,87.0,34,07803
2200,ZCTA5 07820,-666666666.0,0.0,0.0,4.0,32.0,3.0,34,07820
2201,ZCTA5 07821,107982.0,212.0,60.0,456.0,8650.0,51.0,34,07821
2202,ZCTA5 07822,67813.0,69.0,0.0,89.0,632.0,0.0,34,07822
2203,ZCTA5 07823,57917.0,136.0,117.0,229.0,7471.0,6.0,34,07823
2204,ZCTA5 07825,99896.0,76.0,63.0,743.0,9105.0,25.0,34,07825
2205,ZCTA5 07826,82469.0,94.0,47.0,226.0,5558.0,38.0,34,07826
2206,ZCTA5 07827,69792.0,86.0,75.0,66.0,3808.0,16.0,34,07827
2207,ZCTA5 07828,74616.0,1178.0,1084.0,2401.0,12604.0,180.0,34,07828
2208,ZCTA5 07830,128504.0,308.0,0.0,138.0,6524.0,0.0,34,07830
2209,ZCTA5 07832,97872.0,102.0,69.0,225.0,3385.0,12.0,34,07832
2210,ZCTA5 07833,48819.0,0.0,0.0,0.0,149.0,0.0,34,07833
2211,ZCTA5 07834,119829.0,1706.0,369.0,1122.0,15353.0,147.0,34,07834
2212,ZCTA5 07836,113198.0,639.0,576.0,1341.0,9979.0,127.0,34,07836
2213,ZCTA5 07838,107237.0,29.0,34.0,120.0,3053.0,10.0,34,07838
2214,ZCTA5 07840,80740.0,2089.0,1164.0,3597.0,25253.0,875.0,34,07840
2215,ZCTA5 07842,-666666666.0,0.0,0.0,9.0,84.0,9.0,34,07842
2216,ZCTA5 07843,81317.0,379.0,487.0,1725.0,10177.0,263.0,34,07843
2217,ZCTA5 07846,-666666666.0,0.0,0.0,29.0,35.0,0.0,34,07846
2218,ZCTA5 07847,111994.0,34.0,115.0,241.0,1433.0,94.0,34,07847
2219,ZCTA5 07848,83063.0,148.0,159.0,265.0,4703.0,13.0,34,07848
2220,ZCTA5 07849,93180.0,752.0,382.0,649.0,7676.0,26.0,34,07849
2221,ZCTA5 07850,89397.0,89.0,393.0,858.0,5056.0,13.0,34,07850
2222,ZCTA5 07851,127000.0,0.0,0.0,0.0,62.0,0.0,34,07851
2223,ZCTA5 07852,82000.0,446.0,308.0,276.0,3216.0,0.0,34,07852
2224,ZCTA5 07853,162693.0,492.0,100.0,243.0,12114.0,13.0,34,07853
2225,ZCTA5 07856,91917.0,153.0,370.0,521.0,4398.0,85.0,34,07856
2226,ZCTA5 07857,61761.0,123.0,128.0,404.0,2917.0,11.0,34,07857
2227,ZCTA5 07860,84000.0,421.0,511.0,2301.0,23607.0,562.0,34,07860
2228,ZCTA5 07863,82768.0,38.0,70.0,243.0,3609.0,54.0,34,07863
2229,ZCTA5 07865,125186.0,11.0,128.0,104.0,1849.0,6.0,34,07865
2230,ZCTA5 07866,105733.0,1372.0,1052.0,2654.0,19718.0,338.0,34,07866
2231,ZCTA5 07869,128596.0,2775.0,800.0,3018.0,20988.0,595.0,34,07869
2232,ZCTA5 07870,-666666666.0,0.0,0.0,0.0,28.0,0.0,34,07870
2233,ZCTA5 07871,130273.0,710.0,501.0,1462.0,18587.0,195.0,34,07871
2234,ZCTA5 07874,93058.0,157.0,177.0,748.0,7522.0,172.0,34,07874
2235,ZCTA5 07876,125634.0,509.0,348.0,722.0,9422.0,50.0,34,07876
2236,ZCTA5 07878,98938.0,0.0,78.0,0.0,725.0,0.0,34,07878
2237,ZCTA5 07880,192682.0,0.0,0.0,152.0,263.0,0.0,34,07880
2238,ZCTA5 07881,-666666666.0,0.0,0.0,0.0,6.0,0.0,34,07881
2239,ZCTA5 07882,92942.0,326.0,454.0,1186.0,13272.0,208.0,34,07882
2240,ZCTA5 07885,73763.0,655.0,138.0,3639.0,6957.0,1987.0,34,07885
2241,ZCTA5 07901,139919.0,2260.0,850.0,3226.0,18529.0,1271.0,34,07901
2242,ZCTA5 07920,145942.0,5347.0,561.0,1363.0,20380.0,274.0,34,07920
2243,ZCTA5 07921,118042.0,746.0,95.0,878.0,6606.0,62.0,34,07921
2244,ZCTA5 07922,167639.0,1687.0,222.0,689.0,10351.0,29.0,34,07922
2245,ZCTA5 07924,159970.0,376.0,3.0,975.0,6639.0,497.0,34,07924
2246,ZCTA5 07926,-666666666.0,0.0,0.0,0.0,11.0,0.0,34,07926
2247,ZCTA5 07927,119569.0,704.0,144.0,407.0,2939.0,28.0,34,07927
2248,ZCTA5 07928,177564.0,2005.0,340.0,1021.0,16191.0,28.0,34,07928
2249,ZCTA5 07930,144649.0,404.0,131.0,699.0,7404.0,144.0,34,07930
2250,ZCTA5 07931,190577.0,112.0,108.0,149.0,2884.0,13.0,34,07931
2251,ZCTA5 07932,126492.0,1115.0,287.0,638.0,8399.0,0.0,34,07932
2252,ZCTA5 07933,145361.0,103.0,58.0,111.0,3043.0,24.0,34,07933
2253,ZCTA5 07934,150833.0,10.0,0.0,106.0,1502.0,69.0,34,07934
2254,ZCTA5 07935,138611.0,0.0,0.0,0.0,420.0,0.0,34,07935
2255,ZCTA5 07936,129659.0,1555.0,131.0,1484.0,9232.0,13.0,34,07936
2256,ZCTA5 07939,-666666666.0,12.0,84.0,26.0,106.0,0.0,34,07939
2257,ZCTA5 07940,133333.0,1193.0,790.0,1799.0,14510.0,221.0,34,07940
2258,ZCTA5 07945,178984.0,184.0,71.0,487.0,8472.0,27.0,34,07945
2259,ZCTA5 07946,166063.0,160.0,1.0,133.0,2855.0,0.0,34,07946
2260,ZCTA5 07950,125000.0,3880.0,488.0,1194.0,14569.0,59.0,34,07950
2261,ZCTA5 07960,118578.0,2326.0,2928.0,7552.0,37024.0,1492.0,34,07960
2262,ZCTA5 07961,-666666666.0,0.0,0.0,0.0,0.0,0.0,34,07961
2263,ZCTA5 07970,238108.0,19.0,0.0,109.0,159.0,0.0,34,07970
2264,ZCTA5 07974,146615.0,1605.0,132.0,1003.0,10198.0,73.0,34,07974
2265,ZCTA5 07976,93750.0,0.0,0.0,93.0,640.0,0.0,34,07976
2266,ZCTA5 07977,85833.0,5.0,41.0,226.0,523.0,65.0,34,07977
2267,ZCTA5 07979,133197.0,8.0,23.0,0.0,408.0,0.0,34,07979
2268,ZCTA5 07980,127587.0,45.0,0.0,60.0,2194.0,0.0,34,07980
2269,ZCTA5 07981,110025.0,1263.0,95.0,655.0,7548.0,33.0,34,07981
2270,ZCTA5 08001,70404.0,0.0,79.0,40.0,817.0,20.0,34,08001
2271,ZCTA5 08002,80153.0,3240.0,1566.0,1974.0,16078.0,866.0,34,08002
2272,ZCTA5 08003,125958.0,4765.0,1951.0,1197.0,21974.0,309.0,34,08003
2273,ZCTA5 08004,91035.0,233.0,1188.0,712.0,9909.0,425.0,34,08004
2274,ZCTA5 08005,73053.0,90.0,1710.0,1884.0,21630.0,443.0,34,08005
2275,ZCTA5 08006,64306.0,2.0,0.0,0.0,332.0,0.0,34,08006
2276,ZCTA5 08007,72000.0,95.0,139.0,204.0,4580.0,44.0,34,08007
2277,ZCTA5 08008,85343.0,32.0,34.0,59.0,6797.0,11.0,34,08008
2278,ZCTA5 08009,83024.0,428.0,1474.0,646.0,10498.0,257.0,34,08009
2279,ZCTA5 08010,65172.0,168.0,2875.0,1719.0,6911.0,589.0,34,08010
2280,ZCTA5 08011,-666666666.0,0.0,0.0,0.0,0.0,0.0,34,08011
2281,ZCTA5 08012,72597.0,1508.0,4116.0,2964.0,30577.0,921.0,34,08012
2282,ZCTA5 08014,103295.0,0.0,0.0,0.0,548.0,0.0,34,08014
2283,ZCTA5 08015,65349.0,593.0,3876.0,2065.0,13007.0,484.0,34,08015
2284,ZCTA5 08016,78898.0,2042.0,10030.0,3485.0,18414.0,756.0,34,08016
2285,ZCTA5 08019,99063.0,2.0,35.0,90.0,947.0,58.0,34,08019
2286,ZCTA5 08020,88110.0,0.0,95.0,115.0,2574.0,55.0,34,08020
2287,ZCTA5 08021,51183.0,1006.0,12749.0,7144.0,24554.0,4244.0,34,08021
2288,ZCTA5 08022,94864.0,1105.0,747.0,254.0,6845.0,26.0,34,08022
2289,ZCTA5 08023,28708.0,0.0,6.0,11.0,306.0,0.0,34,08023
2290,ZCTA5 08026,82069.0,28.0,37.0,156.0,1991.0,106.0,34,08026
2291,ZCTA5 08027,72601.0,43.0,132.0,122.0,4636.0,21.0,34,08027
2292,ZCTA5 08028,70460.0,726.0,4215.0,2021.0,14089.0,1190.0,34,08028
2293,ZCTA5 08029,53486.0,23.0,138.0,251.0,3980.0,12.0,34,08029
2294,ZCTA5 08030,57093.0,573.0,600.0,1509.0,10482.0,1399.0,34,08030
2295,ZCTA5 08031,54447.0,1242.0,227.0,1371.0,8916.0,756.0,34,08031
2296,ZCTA5 08033,120188.0,282.0,103.0,606.0,15238.0,97.0,34,08033
2297,ZCTA5 08034,92841.0,1611.0,1424.0,1834.0,14189.0,924.0,34,08034
2298,ZCTA5 08035,94479.0,106.0,88.0,205.0,7246.0,123.0,34,08035
2299,ZCTA5 08036,109133.0,372.0,598.0,191.0,4759.0,0.0,34,08036
2300,ZCTA5 08037,73388.0,228.0,893.0,4090.0,20087.0,1738.0,34,08037
2301,ZCTA5 08038,51607.0,0.0,0.0,0.0,83.0,0.0,34,08038
2302,ZCTA5 08039,71136.0,0.0,0.0,84.0,131.0,0.0,34,08039
2303,ZCTA5 08041,126023.0,0.0,72.0,121.0,826.0,29.0,34,08041
2304,ZCTA5 08042,155417.0,0.0,0.0,0.0,213.0,0.0,34,08042
2305,ZCTA5 08043,92361.0,5643.0,2947.0,1240.0,19444.0,299.0,34,08043
2306,ZCTA5 08045,64517.0,26.0,2413.0,87.0,162.0,43.0,34,08045
2307,ZCTA5 08046,74083.0,442.0,22531.0,3474.0,6305.0,741.0,34,08046
2308,ZCTA5 08048,86800.0,770.0,2168.0,752.0,8277.0,228.0,34,08048
2309,ZCTA5 08049,61250.0,122.0,1014.0,593.0,3786.0,263.0,34,08049
2310,ZCTA5 08050,76512.0,340.0,515.0,1557.0,23119.0,449.0,34,08050
2311,ZCTA5 08051,80525.0,186.0,529.0,300.0,9571.0,0.0,34,08051
2312,ZCTA5 08052,56944.0,1330.0,1910.0,2009.0,14150.0,925.0,34,08052
2313,ZCTA5 08053,97036.0,2687.0,2435.0,1898.0,38545.0,566.0,34,08053
2314,ZCTA5 08054,94719.0,3953.0,4099.0,2074.0,31752.0,378.0,34,08054
2315,ZCTA5 08055,118365.0,541.0,381.0,951.0,25617.0,271.0,34,08055
2316,ZCTA5 08056,163125.0,343.0,312.0,26.0,3924.0,0.0,34,08056
2317,ZCTA5 08057,140802.0,1353.0,1198.0,522.0,17584.0,140.0,34,08057
2318,ZCTA5 08059,69040.0,40.0,233.0,128.0,5253.0,9.0,34,08059
2319,ZCTA5 08060,86706.0,995.0,5541.0,3202.0,15268.0,805.0,34,08060
2320,ZCTA5 08061,141429.0,235.0,581.0,197.0,2000.0,0.0,34,08061
2321,ZCTA5 08062,130417.0,58.0,283.0,571.0,15605.0,245.0,34,08062
2322,ZCTA5 08063,64609.0,26.0,94.0,155.0,2798.0,42.0,34,08063
2323,ZCTA5 08064,-666666666.0,18.0,47.0,1.0,127.0,0.0,34,08064
2324,ZCTA5 08065,70714.0,212.0,1267.0,698.0,5124.0,497.0,34,08065
2325,ZCTA5 08066,49762.0,38.0,1837.0,605.0,6287.0,113.0,34,08066
2326,ZCTA5 08067,90417.0,12.0,73.0,52.0,1414.0,41.0,34,08067
2327,ZCTA5 08068,60351.0,111.0,1927.0,1184.0,4037.0,301.0,34,08068
2328,ZCTA5 08069,49347.0,137.0,2826.0,3070.0,8561.0,568.0,34,08069
2329,ZCTA5 08070,64508.0,247.0,342.0,239.0,11387.0,70.0,34,08070
2330,ZCTA5 08071,78077.0,108.0,199.0,248.0,8771.0,27.0,34,08071
2331,ZCTA5 08072,71094.0,0.0,25.0,18.0,285.0,0.0,34,08072
2332,ZCTA5 08073,242629.0,0.0,0.0,0.0,147.0,56.0,34,08073
2333,ZCTA5 08074,-666666666.0,0.0,0.0,0.0,15.0,0.0,34,08074
2334,ZCTA5 08075,76777.0,963.0,2949.0,1510.0,23306.0,925.0,34,08075
2335,ZCTA5 08077,101807.0,249.0,933.0,1180.0,17336.0,341.0,34,08077
2336,ZCTA5 08078,61506.0,327.0,685.0,914.0,6801.0,357.0,34,08078
2337,ZCTA5 08079,42736.0,37.0,3453.0,869.0,5960.0,186.0,34,08079
2338,ZCTA5 08080,99432.0,2142.0,1910.0,1294.0,31943.0,252.0,34,08080
2339,ZCTA5 08081,86806.0,2040.0,17644.0,4341.0,27116.0,1096.0,34,08081
2340,ZCTA5 08083,76504.0,306.0,1578.0,840.0,7123.0,435.0,34,08083
2341,ZCTA5 08084,79950.0,372.0,682.0,402.0,5614.0,163.0,34,08084
2342,ZCTA5 08085,121032.0,808.0,2371.0,1522.0,16192.0,708.0,34,08085
2343,ZCTA5 08086,79885.0,303.0,788.0,496.0,6402.0,253.0,34,08086
2344,ZCTA5 08087,65620.0,426.0,178.0,1572.0,23353.0,280.0,34,08087
2345,ZCTA5 08088,78910.0,136.0,527.0,971.0,22295.0,175.0,34,08088
2346,ZCTA5 08089,63789.0,60.0,653.0,425.0,3186.0,57.0,34,08089
2347,ZCTA5 08090,89450.0,190.0,409.0,479.0,6912.0,161.0,34,08090
2348,ZCTA5 08091,65050.0,258.0,540.0,422.0,4291.0,297.0,34,08091
2349,ZCTA5 08092,74469.0,5.0,0.0,147.0,3341.0,36.0,34,08092
2350,ZCTA5 08093,54747.0,142.0,1106.0,1095.0,6886.0,392.0,34,08093
2351,ZCTA5 08094,80712.0,956.0,5675.0,2614.0,32053.0,474.0,34,08094
2352,ZCTA5 08095,-666666666.0,0.0,0.0,0.0,36.0,0.0,34,08095
2353,ZCTA5 08096,70151.0,1367.0,5902.0,2703.0,26359.0,1017.0,34,08096
2354,ZCTA5 08097,81619.0,38.0,244.0,229.0,2845.0,14.0,34,08097
2355,ZCTA5 08098,88390.0,116.0,682.0,488.0,8048.0,66.0,34,08098
2356,ZCTA5 08102,21016.0,50.0,2351.0,4708.0,2163.0,2966.0,34,08102
2357,ZCTA5 08103,28065.0,254.0,8218.0,4931.0,2452.0,2675.0,34,08103
2358,ZCTA5 08104,23744.0,16.0,13304.0,8110.0,3563.0,4274.0,34,08104
2359,ZCTA5 08105,31918.0,1261.0,7485.0,18709.0,7963.0,10579.0,34,08105
2360,ZCTA5 08106,77238.0,14.0,339.0,146.0,9115.0,45.0,34,08106
2361,ZCTA5 08107,54957.0,496.0,2054.0,2018.0,9009.0,1035.0,34,08107
2362,ZCTA5 08108,91957.0,461.0,806.0,1004.0,16299.0,370.0,34,08108
2363,ZCTA5 08109,67673.0,1371.0,3858.0,5569.0,13890.0,2566.0,34,08109
2364,ZCTA5 08110,66875.0,1524.0,6185.0,8396.0,5189.0,5057.0,34,08110
2365,ZCTA5 08201,68274.0,445.0,1527.0,1354.0,7040.0,469.0,34,08201
2366,ZCTA5 08202,85625.0,3.0,2.0,20.0,1490.0,0.0,34,08202
2367,ZCTA5 08203,71483.0,273.0,124.0,665.0,8217.0,164.0,34,08203
2368,ZCTA5 08204,67305.0,124.0,552.0,1691.0,17314.0,252.0,34,08204
2369,ZCTA5 08205,64894.0,3245.0,3447.0,3260.0,18259.0,1435.0,34,08205
2370,ZCTA5 08210,69371.0,204.0,2117.0,360.0,13667.0,78.0,34,08210
2371,ZCTA5 08212,47917.0,0.0,0.0,0.0,188.0,0.0,34,08212
2372,ZCTA5 08215,67049.0,546.0,1684.0,1832.0,10396.0,630.0,34,08215
2373,ZCTA5 08217,-666666666.0,0.0,0.0,0.0,25.0,0.0,34,08217
2374,ZCTA5 08221,95034.0,301.0,104.0,405.0,6179.0,58.0,34,08221
2375,ZCTA5 08223,80224.0,14.0,41.0,42.0,4117.0,0.0,34,08223
2376,ZCTA5 08224,75795.0,12.0,12.0,60.0,449.0,0.0,34,08224
2377,ZCTA5 08225,78191.0,478.0,146.0,711.0,7416.0,128.0,34,08225
2378,ZCTA5 08226,70871.0,197.0,354.0,822.0,10147.0,238.0,34,08226
2379,ZCTA5 08230,91950.0,63.0,7.0,298.0,5182.0,31.0,34,08230
2380,ZCTA5 08232,40387.0,569.0,8024.0,8531.0,7962.0,1959.0,34,08232
2381,ZCTA5 08234,78534.0,4775.0,3571.0,7584.0,28761.0,2737.0,34,08234
2382,ZCTA5 08240,-666666666.0,85.0,232.0,293.0,1900.0,29.0,34,08240
2383,ZCTA5 08241,111607.0,11.0,12.0,5.0,1119.0,0.0,34,08241
2384,ZCTA5 08242,52732.0,33.0,127.0,1339.0,2829.0,175.0,34,08242
2385,ZCTA5 08243,77500.0,15.0,0.0,15.0,1939.0,1.0,34,08243
2386,ZCTA5 08244,59863.0,494.0,1528.0,1016.0,8239.0,113.0,34,08244
2387,ZCTA5 08246,-666666666.0,35.0,0.0,0.0,52.0,0.0,34,08246
2388,ZCTA5 08247,108281.0,6.0,1.0,6.0,977.0,0.0,34,08247
2389,ZCTA5 08248,226719.0,0.0,0.0,0.0,242.0,0.0,34,08248
2390,ZCTA5 08251,53468.0,11.0,48.0,580.0,9047.0,132.0,34,08251
2391,ZCTA5 08260,47408.0,186.0,525.0,924.0,11656.0,207.0,34,08260
2392,ZCTA5 08270,61513.0,25.0,585.0,898.0,7311.0,150.0,34,08270
2393,ZCTA5 08302,46639.0,453.0,11002.0,14722.0,27711.0,3748.0,34,08302
2394,ZCTA5 08310,59000.0,19.0,40.0,109.0,1202.0,0.0,34,08310
2395,ZCTA5 08311,61845.0,3.0,357.0,521.0,1593.0,225.0,34,08311
2396,ZCTA5 08312,65163.0,159.0,1105.0,227.0,6339.0,11.0,34,08312
2397,ZCTA5 08314,74357.0,134.0,1243.0,640.0,1065.0,419.0,34,08314
2398,ZCTA5 08316,66016.0,17.0,0.0,28.0,339.0,28.0,34,08316
2399,ZCTA5 08317,81759.0,15.0,207.0,94.0,1211.0,16.0,34,08317
2400,ZCTA5 08318,81797.0,60.0,701.0,571.0,11022.0,109.0,34,08318
2401,ZCTA5 08319,99125.0,8.0,24.0,36.0,1119.0,0.0,34,08319
2402,ZCTA5 08320,-666666666.0,4.0,692.0,242.0,209.0,138.0,34,08320
2403,ZCTA5 08321,23250.0,0.0,0.0,0.0,147.0,0.0,34,08321
2404,ZCTA5 08322,84298.0,244.0,777.0,761.0,9186.0,458.0,34,08322
2405,ZCTA5 08323,73750.0,20.0,40.0,35.0,522.0,0.0,34,08323
2406,ZCTA5 08324,86250.0,0.0,0.0,7.0,267.0,7.0,34,08324
2407,ZCTA5 08326,66513.0,76.0,70.0,406.0,1149.0,144.0,34,08326
2408,ZCTA5 08327,66154.0,13.0,1607.0,437.0,1035.0,352.0,34,08327
2409,ZCTA5 08328,67250.0,8.0,50.0,107.0,1080.0,77.0,34,08328
2410,ZCTA5 08329,66058.0,0.0,0.0,0.0,216.0,0.0,34,08329
2411,ZCTA5 08330,66397.0,2369.0,3919.0,3839.0,18330.0,1456.0,34,08330
2412,ZCTA5 08332,53110.0,637.0,6225.0,5402.0,27216.0,494.0,34,08332
2413,ZCTA5 08340,89196.0,16.0,6.0,116.0,1171.0,22.0,34,08340
2414,ZCTA5 08341,35802.0,64.0,192.0,793.0,1527.0,461.0,34,08341
2415,ZCTA5 08343,105345.0,46.0,165.0,266.0,4730.0,133.0,34,08343
2416,ZCTA5 08344,69069.0,36.0,317.0,666.0,4145.0,123.0,34,08344
2417,ZCTA5 08345,59125.0,6.0,56.0,5.0,490.0,0.0,34,08345
2418,ZCTA5 08346,37038.0,0.0,180.0,256.0,339.0,0.0,34,08346
2419,ZCTA5 08348,80450.0,0.0,0.0,0.0,188.0,0.0,34,08348
2420,ZCTA5 08349,36361.0,9.0,284.0,56.0,1300.0,62.0,34,08349
2421,ZCTA5 08350,92614.0,0.0,0.0,71.0,570.0,0.0,34,08350
2422,ZCTA5 08352,68594.0,0.0,235.0,58.0,339.0,32.0,34,08352
2423,ZCTA5 08353,56429.0,2.0,0.0,2.0,353.0,0.0,34,08353
2424,ZCTA5 08360,49697.0,519.0,6102.0,20419.0,28363.0,4738.0,34,08360
2425,ZCTA5 08361,78330.0,402.0,2063.0,3790.0,14612.0,834.0,34,08361
2426,ZCTA5 08401,27786.0,6493.0,13619.0,11877.0,12003.0,4583.0,34,08401
2427,ZCTA5 08402,79375.0,98.0,118.0,152.0,5687.0,29.0,34,08402
2428,ZCTA5 08403,121208.0,7.0,5.0,7.0,944.0,0.0,34,08403
2429,ZCTA5 08406,55484.0,980.0,446.0,2368.0,8307.0,185.0,34,08406
2430,ZCTA5 08501,119427.0,333.0,253.0,313.0,5454.0,8.0,34,08501
2431,ZCTA5 08502,199750.0,4408.0,87.0,623.0,6485.0,0.0,34,08502
2432,ZCTA5 08505,88604.0,1505.0,1825.0,1359.0,13743.0,476.0,34,08505
2433,ZCTA5 08510,148045.0,186.0,146.0,585.0,5106.0,179.0,34,08510
2434,ZCTA5 08511,75962.0,8.0,46.0,162.0,717.0,63.0,34,08511
2435,ZCTA5 08512,89885.0,2260.0,571.0,2290.0,7656.0,195.0,34,08512
2436,ZCTA5 08514,102143.0,114.0,153.0,128.0,4779.0,0.0,34,08514
2437,ZCTA5 08515,151406.0,980.0,693.0,623.0,4377.0,173.0,34,08515
2438,ZCTA5 08518,56223.0,433.0,812.0,214.0,3826.0,29.0,34,08518
2439,ZCTA5 08520,88092.0,4720.0,2668.0,6306.0,18451.0,914.0,34,08520
2440,ZCTA5 08525,129688.0,96.0,78.0,156.0,4583.0,16.0,34,08525
2441,ZCTA5 08527,90582.0,1997.0,3279.0,5283.0,48923.0,1072.0,34,08527
2442,ZCTA5 08528,25750.0,48.0,0.0,0.0,38.0,0.0,34,08528
2443,ZCTA5 08530,95888.0,162.0,430.0,319.0,6737.0,20.0,34,08530
2444,ZCTA5 08533,105648.0,79.0,180.0,637.0,6255.0,55.0,34,08533
2445,ZCTA5 08534,129700.0,1446.0,307.0,705.0,10903.0,88.0,34,08534
2446,ZCTA5 08535,181065.0,413.0,47.0,249.0,4153.0,36.0,34,08535
2447,ZCTA5 08536,105238.0,11537.0,1167.0,460.0,6327.0,170.0,34,08536
2448,ZCTA5 08540,142339.0,14637.0,2209.0,2136.0,30420.0,337.0,34,08540
2449,ZCTA5 08542,84958.0,621.0,546.0,1240.0,4265.0,195.0,34,08542
2450,ZCTA5 08550,195146.0,8441.0,266.0,530.0,10096.0,44.0,34,08550
2451,ZCTA5 08551,138173.0,265.0,145.0,275.0,4610.0,0.0,34,08551
2452,ZCTA5 08553,115156.0,2.0,55.0,46.0,527.0,0.0,34,08553
2453,ZCTA5 08554,84515.0,78.0,377.0,357.0,3276.0,84.0,34,08554
2454,ZCTA5 08555,100833.0,16.0,37.0,31.0,709.0,18.0,34,08555
2455,ZCTA5 08558,208148.0,1393.0,309.0,391.0,5696.0,38.0,34,08558
2456,ZCTA5 08559,111080.0,0.0,2.0,247.0,4997.0,33.0,34,08559
2457,ZCTA5 08560,111182.0,118.0,284.0,117.0,3046.0,37.0,34,08560
2458,ZCTA5 08561,-666666666.0,92.0,82.0,0.0,146.0,0.0,34,08561
2459,ZCTA5 08562,66267.0,180.0,441.0,539.0,3449.0,139.0,34,08562
2460,ZCTA5 08608,16442.0,1.0,718.0,67.0,155.0,12.0,34,08608
2461,ZCTA5 08609,34857.0,239.0,6616.0,4875.0,5286.0,456.0,34,08609
2462,ZCTA5 08610,62268.0,1136.0,6236.0,8670.0,20771.0,1726.0,34,08610
2463,ZCTA5 08611,35720.0,397.0,7107.0,15953.0,15934.0,2486.0,34,08611
2464,ZCTA5 08618,44181.0,1022.0,24348.0,4333.0,12714.0,607.0,34,08618
2465,ZCTA5 08619,77413.0,1284.0,1763.0,2164.0,16902.0,558.0,34,08619
2466,ZCTA5 08620,92225.0,384.0,1094.0,908.0,10419.0,99.0,34,08620
2467,ZCTA5 08628,89007.0,738.0,1537.0,562.0,6761.0,209.0,34,08628
2468,ZCTA5 08629,63171.0,372.0,6209.0,5345.0,6413.0,651.0,34,08629
2469,ZCTA5 08638,55510.0,263.0,9308.0,3717.0,11594.0,775.0,34,08638
2470,ZCTA5 08640,59327.0,131.0,2652.0,1696.0,3777.0,414.0,34,08640
2471,ZCTA5 08641,65737.0,123.0,644.0,1153.0,2848.0,291.0,34,08641
2472,ZCTA5 08648,102633.0,4776.0,3766.0,2750.0,22009.0,287.0,34,08648
2473,ZCTA5 08690,99809.0,990.0,956.0,936.0,16208.0,54.0,34,08690
2474,ZCTA5 08691,127813.0,2396.0,636.0,749.0,12500.0,158.0,34,08691
2475,ZCTA5 08701,48341.0,997.0,3549.0,14205.0,92356.0,3138.0,34,08701
2476,ZCTA5 08720,111000.0,0.0,11.0,3.0,759.0,0.0,34,08720
2477,ZCTA5 08721,81599.0,535.0,341.0,1904.0,18994.0,724.0,34,08721
2478,ZCTA5 08722,74967.0,34.0,317.0,1074.0,10409.0,179.0,34,08722
2479,ZCTA5 08723,74269.0,818.0,688.0,4031.0,29791.0,1068.0,34,08723
2480,ZCTA5 08724,78019.0,543.0,718.0,3484.0,38047.0,694.0,34,08724
2481,ZCTA5 08730,138750.0,20.0,69.0,133.0,4515.0,78.0,34,08730
2482,ZCTA5 08731,80979.0,284.0,270.0,1289.0,19074.0,190.0,34,08731
2483,ZCTA5 08732,98333.0,5.0,9.0,16.0,1204.0,0.0,34,08732
2484,ZCTA5 08733,61182.0,144.0,182.0,403.0,2198.0,153.0,34,08733
2485,ZCTA5 08734,84580.0,11.0,60.0,115.0,8529.0,0.0,34,08734
2486,ZCTA5 08735,74135.0,10.0,8.0,128.0,3821.0,0.0,34,08735
2487,ZCTA5 08736,119176.0,328.0,12.0,548.0,12563.0,27.0,34,08736
2488,ZCTA5 08738,84659.0,73.0,10.0,20.0,1077.0,4.0,34,08738
2489,ZCTA5 08740,60345.0,6.0,96.0,162.0,1619.0,0.0,34,08740
2490,ZCTA5 08741,96250.0,5.0,53.0,172.0,2559.0,0.0,34,08741
2491,ZCTA5 08742,91869.0,95.0,82.0,1465.0,23697.0,154.0,34,08742
2492,ZCTA5 08750,123464.0,1.0,2.0,28.0,3047.0,0.0,34,08750
2493,ZCTA5 08751,56985.0,75.0,79.0,1003.0,3538.0,584.0,34,08751
2494,ZCTA5 08752,68750.0,4.0,17.0,54.0,2150.0,24.0,34,08752
2495,ZCTA5 08753,79997.0,2215.0,1494.0,6044.0,55762.0,1813.0,34,08753
2496,ZCTA5 08755,69331.0,1600.0,1383.0,2528.0,21740.0,659.0,34,08755
2497,ZCTA5 08757,43932.0,360.0,1463.0,3205.0,30212.0,670.0,34,08757
2498,ZCTA5 08758,66543.0,0.0,42.0,191.0,7532.0,1.0,34,08758
2499,ZCTA5 08759,37286.0,622.0,1323.0,1330.0,30237.0,117.0,34,08759
2500,ZCTA5 08801,123608.0,479.0,1631.0,932.0,6371.0,345.0,34,08801
2501,ZCTA5 08802,128914.0,142.0,5.0,86.0,3877.0,8.0,34,08802
2502,ZCTA5 08804,83750.0,24.0,33.0,103.0,2441.0,23.0,34,08804
2503,ZCTA5 08805,72884.0,357.0,550.0,5614.0,10099.0,638.0,34,08805
2504,ZCTA5 08807,125700.0,9214.0,1000.0,3937.0,27346.0,492.0,34,08807
2505,ZCTA5 08808,73648.0,0.0,0.0,0.0,142.0,0.0,34,08808
2506,ZCTA5 08809,98281.0,504.0,399.0,470.0,4861.0,74.0,34,08809
2507,ZCTA5 08810,138203.0,4617.0,1144.0,752.0,2863.0,253.0,34,08810
2508,ZCTA5 08812,96585.0,2080.0,1375.0,3171.0,9476.0,1213.0,34,08812
2509,ZCTA5 08816,109041.0,11832.0,1678.0,4289.0,30841.0,927.0,34,08816
2510,ZCTA5 08817,89538.0,16951.0,4147.0,5847.0,19755.0,2669.0,34,08817
2511,ZCTA5 08820,126650.0,26143.0,1527.0,2024.0,9710.0,431.0,34,08820
2512,ZCTA5 08821,55573.0,37.0,0.0,47.0,340.0,0.0,34,08821
2513,ZCTA5 08822,110671.0,1763.0,642.0,3105.0,27680.0,636.0,34,08822
2514,ZCTA5 08823,112045.0,3299.0,1886.0,877.0,3433.0,316.0,34,08823
2515,ZCTA5 08824,134507.0,4210.0,933.0,1445.0,6733.0,197.0,34,08824
2516,ZCTA5 08825,105368.0,70.0,28.0,107.0,4114.0,25.0,34,08825
2517,ZCTA5 08826,103987.0,92.0,96.0,341.0,4932.0,54.0,34,08826
2518,ZCTA5 08827,108380.0,33.0,29.0,284.0,3979.0,35.0,34,08827
2519,ZCTA5 08828,83068.0,89.0,116.0,346.0,1931.0,97.0,34,08828
2520,ZCTA5 08829,97016.0,38.0,121.0,445.0,3340.0,0.0,34,08829
2521,ZCTA5 08830,95595.0,9704.0,1288.0,1158.0,6028.0,243.0,34,08830
2522,ZCTA5 08831,82451.0,8877.0,1951.0,3770.0,37723.0,330.0,34,08831
2523,ZCTA5 08832,63000.0,155.0,276.0,1785.0,1629.0,478.0,34,08832
2524,ZCTA5 08833,140027.0,352.0,19.0,324.0,7958.0,13.0,34,08833
2525,ZCTA5 08835,69654.0,270.0,375.0,2335.0,9042.0,449.0,34,08835
2526,ZCTA5 08836,155754.0,532.0,2.0,385.0,3166.0,0.0,34,08836
2527,ZCTA5 08837,83870.0,5630.0,2111.0,2600.0,7630.0,976.0,34,08837
2528,ZCTA5 08840,122161.0,3106.0,1017.0,1326.0,11469.0,273.0,34,08840
2529,ZCTA5 08844,125774.0,6882.0,2172.0,2709.0,28609.0,605.0,34,08844
2530,ZCTA5 08846,71061.0,822.0,998.0,3244.0,9341.0,1846.0,34,08846
2531,ZCTA5 08848,102821.0,6.0,48.0,194.0,8289.0,0.0,34,08848
2532,ZCTA5 08850,107837.0,618.0,124.0,1030.0,7580.0,62.0,34,08850
2533,ZCTA5 08852,105649.0,8466.0,1863.0,742.0,7030.0,269.0,34,08852
2534,ZCTA5 08853,140263.0,604.0,613.0,242.0,4026.0,0.0,34,08853
2535,ZCTA5 08854,93534.0,21959.0,11463.0,6923.0,19793.0,1476.0,34,08854
2536,ZCTA5 08857,93730.0,5386.0,2219.0,4989.0,31295.0,654.0,34,08857
2537,ZCTA5 08858,-666666666.0,0.0,0.0,0.0,147.0,0.0,34,08858
2538,ZCTA5 08859,80693.0,4181.0,2018.0,3574.0,14603.0,785.0,34,08859
2539,ZCTA5 08861,54072.0,739.0,4379.0,42768.0,42708.0,4885.0,34,08861
2540,ZCTA5 08863,90336.0,2199.0,1274.0,3163.0,7905.0,831.0,34,08863
2541,ZCTA5 08865,63975.0,640.0,2302.0,2938.0,24124.0,765.0,34,08865
2542,ZCTA5 08867,138300.0,156.0,79.0,132.0,4829.0,1.0,34,08867
2543,ZCTA5 08869,78404.0,1205.0,143.0,1433.0,5813.0,311.0,34,08869
2544,ZCTA5 08872,75395.0,3123.0,3565.0,2476.0,12895.0,284.0,34,08872
2545,ZCTA5 08873,92357.0,10080.0,16271.0,8116.0,24286.0,1312.0,34,08873
2546,ZCTA5 08876,95438.0,2664.0,1403.0,3066.0,16869.0,573.0,34,08876
2547,ZCTA5 08879,68512.0,1957.0,1947.0,3970.0,17528.0,857.0,34,08879
2548,ZCTA5 08880,83155.0,523.0,606.0,1365.0,3081.0,218.0,34,08880
2549,ZCTA5 08882,68729.0,716.0,1470.0,3941.0,12799.0,477.0,34,08882
2550,ZCTA5 08884,76055.0,396.0,328.0,773.0,7312.0,81.0,34,08884
2551,ZCTA5 08886,106837.0,316.0,449.0,409.0,6193.0,120.0,34,08886
2552,ZCTA5 08887,89674.0,49.0,3.0,65.0,944.0,0.0,34,08887
2553,ZCTA5 08889,135601.0,532.0,9.0,391.0,8852.0,0.0,34,08889
2554,ZCTA5 08890,-666666666.0,0.0,0.0,0.0,15.0,0.0,34,08890
2555,ZCTA5 08901,42185.0,6030.0,8438.0,28289.0,36927.0,5075.0,34,08901
2556,ZCTA5 08902,94490.0,10053.0,8042.0,8609.0,20306.0,1762.0,34,08902
2557,ZCTA5 08904,80846.0,1937.0,1412.0,2283.0,9437.0,629.0,34,08904
