,Zipcode,state,Total_4_Household Income,Total_4_Asian Amer.,Total_4_Black Amer.,Total_4_Hispanic Amer.,Total_4_White Amer.,Total_4_Other
0,07001,34,343075.0,18426.0,22192.0,17039.0,44953.0,3357.0
1,07002,34,289847.0,31204.0,35874.0,94537.0,216586.0,31253.0
2,07003,34,375154.0,21905.0,46003.0,68466.0,150661.0,16794.0
3,07004,34,554234.0,1221.0,0.0,2475.0,35704.0,72.0
4,07005,34,538634.0,6511.0,2160.0,7265.0,64701.0,1204.0
5,07006,34,567601.0,7218.0,2124.0,8572.0,114773.0,1514.0
6,07008,34,356759.0,25858.0,18154.0,40677.0,65382.0,6226.0
7,07009,34,571544.0,4871.0,3553.0,3287.0,53511.0,73.0
8,07010,34,328979.0,19012.0,3989.0,37880.0,85712.0,11172.0
9,07011,34,284570.0,9718.0,15111.0,112024.0,128186.0,45787.0
10,07012,34,407742.0,9014.0,2073.0,9443.0,44842.0,1234.0
11,07013,34,443431.0,17614.0,6193.0,28856.0,97195.0,8949.0
12,07014,34,478714.0,3913.0,2741.0,6363.0,17129.0,1077.0
13,07016,34,611336.0,3699.0,3217.0,10859.0,106319.0,3533.0
14,07017,34,210657.0,2476.0,155066.0,20759.0,6035.0,14714.0
15,07018,34,209727.0,1291.0,126628.0,9461.0,5074.0,6429.0
16,07020,34,541991.0,21549.0,3185.0,8110.0,32843.0,1045.0
17,07021,34,956377.0,405.0,23.0,633.0,9817.0,0.0
18,07022,34,279484.0,3862.0,2222.0,42166.0,53260.0,9754.0
19,07023,34,644937.0,2664.0,2201.0,3345.0,31435.0,51.0
20,07024,34,384459.0,76829.0,4447.0,24077.0,93511.0,4257.0
21,07026,34,267809.0,3997.0,7600.0,57403.0,132245.0,9268.0
22,07027,34,401296.0,394.0,262.0,3427.0,20081.0,650.0
23,07028,34,947781.0,1924.0,2609.0,4010.0,31841.0,300.0
24,07029,34,309663.0,17323.0,2851.0,45919.0,46462.0,23173.0
25,07030,34,644405.0,24261.0,7986.0,41774.0,220205.0,4879.0
26,07031,34,377481.0,6287.0,1853.0,22024.0,64475.0,4582.0
27,07032,34,322689.0,10236.0,9165.0,100545.0,140240.0,40714.0
28,07033,34,498642.0,2020.0,1371.0,9248.0,32425.0,3201.0
29,07034,34,425193.0,13083.0,1618.0,5072.0,29006.0,1084.0
30,07035,34,451387.0,2713.0,1280.0,5604.0,47705.0,676.0
31,07036,34,333857.0,7108.0,62875.0,65517.0,121145.0,18451.0
32,07039,34,772532.0,34425.0,2675.0,5755.0,107151.0,1232.0
33,07040,34,629493.0,3445.0,42630.0,9286.0,69369.0,2280.0
34,07041,34,551910.0,6815.0,2675.0,2718.0,24909.0,640.0
35,07042,34,477115.0,4862.0,42526.0,14409.0,72068.0,3740.0
36,07043,34,953995.0,2503.0,3558.0,4585.0,54821.0,752.0
37,07044,34,561880.0,3661.0,1582.0,4478.0,61922.0,369.0
38,07045,34,759985.0,9485.0,689.0,2413.0,41562.0,0.0
39,07046,34,956135.0,3091.0,97.0,655.0,17968.0,20.0
40,07047,34,294262.0,21479.0,11248.0,225127.0,215640.0,53518.0
41,07050,34,188585.0,2194.0,108120.0,36086.0,18263.0,20987.0
42,07052,34,482291.0,18023.0,64402.0,45639.0,135524.0,9112.0
43,07054,34,450642.0,56269.0,6728.0,15637.0,79180.0,1680.0
44,07055,34,177926.0,11026.0,34333.0,257640.0,197607.0,93319.0
45,07057,34,310065.0,3664.0,2203.0,8202.0,50922.0,526.0
46,07058,34,610149.0,7327.0,45.0,1982.0,18148.0,21.0
47,07059,34,772569.0,14277.0,685.0,4890.0,61955.0,778.0
48,07060,34,287351.0,5808.0,64409.0,114577.0,75241.0,76862.0
49,07062,34,342316.0,1129.0,35428.0,17052.0,14046.0,11792.0
50,07063,34,351188.0,1602.0,26478.0,28567.0,17252.0,21754.0
51,07064,34,411300.0,2245.0,2349.0,5115.0,14169.0,518.0
52,07065,34,349855.0,5679.0,43574.0,45260.0,73690.0,17553.0
53,07066,34,486617.0,2382.0,1030.0,9592.0,72719.0,628.0
54,07067,34,517973.0,12808.0,4832.0,9847.0,67873.0,2622.0
55,07068,34,563500.0,2568.0,84.0,2447.0,25452.0,313.0
56,07069,34,685184.0,4432.0,514.0,2866.0,25381.0,72.0
57,07070,34,464009.0,15555.0,2059.0,16003.0,69835.0,1427.0
58,07071,34,371682.0,7787.0,1831.0,24002.0,93333.0,4120.0
59,07072,34,433362.0,2683.0,116.0,7952.0,26355.0,1149.0
60,07073,34,392176.0,8318.0,2597.0,10472.0,32250.0,1859.0
61,07074,34,301005.0,1074.0,95.0,4405.0,9848.0,1803.0
62,07075,34,503054.0,5130.0,903.0,5112.0,33450.0,843.0
63,07076,34,599918.0,10275.0,13705.0,9865.0,91801.0,1976.0
64,07077,34,382876.0,649.0,1381.0,2469.0,9542.0,286.0
65,07078,34,1250005.0,14335.0,258.0,2215.0,48026.0,1036.0
66,07079,34,626433.0,4262.0,21816.0,5053.0,52526.0,566.0
67,07080,34,471483.0,19325.0,13417.0,20260.0,75148.0,8093.0
68,07081,34,537369.0,8998.0,6504.0,8470.0,66242.0,4373.0
69,07082,34,622425.0,3659.0,33.0,1777.0,20962.0,409.0
70,07083,34,418505.0,29339.0,76067.0,48458.0,139509.0,23272.0
71,07086,34,439669.0,7774.0,2937.0,25972.0,52090.0,4014.0
72,07087,34,221735.0,13148.0,17488.0,274873.0,243213.0,58477.0
73,07088,34,262236.0,199.0,13185.0,1583.0,1986.0,903.0
74,07090,34,796477.0,9900.0,5425.0,11939.0,128843.0,4423.0
75,07092,34,636571.0,2150.0,534.0,1835.0,30510.0,371.0
76,07093,34,262389.0,20280.0,11267.0,241732.0,193899.0,81422.0
77,07094,34,496109.0,26513.0,3124.0,18966.0,59031.0,3381.0
78,07095,34,409453.0,22393.0,11665.0,24254.0,56841.0,4551.0
79,07102,34,124416.0,4061.0,32583.0,16853.0,17306.0,8505.0
80,07103,34,142540.0,3323.0,127814.0,25001.0,13710.0,12367.0
81,07104,34,176134.0,4854.0,67945.0,166708.0,93220.0,72170.0
82,07105,34,222474.0,1637.0,23214.0,133139.0,153904.0,79148.0
83,07106,34,188054.0,7437.0,132711.0,16392.0,6513.0,13183.0
84,07107,34,155800.0,3011.0,69933.0,108686.0,51507.0,59191.0
85,07108,34,129589.0,265.0,93682.0,14472.0,5522.0,8997.0
86,07109,34,338899.0,19996.0,18567.0,82579.0,107947.0,26498.0
87,07110,34,463570.0,15328.0,4265.0,22806.0,113772.0,4804.0
88,07111,34,201098.0,4297.0,234133.0,26422.0,17873.0,11533.0
89,07112,34,178368.0,1142.0,117567.0,6583.0,2629.0,5144.0
90,07114,34,126276.0,379.0,38116.0,19801.0,17033.0,9751.0
91,07201,34,222958.0,1117.0,35565.0,81849.0,68780.0,24991.0
92,07202,34,229390.0,4218.0,29927.0,137330.0,89568.0,75421.0
93,07203,34,268517.0,2143.0,56151.0,31910.0,27208.0,19621.0
94,07204,34,343335.0,5562.0,5473.0,19630.0,42751.0,11996.0
95,07205,34,333952.0,3577.0,59904.0,19411.0,30163.0,12072.0
96,07206,34,219344.0,807.0,29266.0,95973.0,46350.0,57307.0
97,07208,34,236324.0,5668.0,28822.0,96504.0,92418.0,25905.0
98,07302,34,585293.0,62434.0,18003.0,39427.0,117510.0,5518.0
99,07304,34,233263.0,33069.0,83971.0,68367.0,54323.0,38168.0
100,07305,34,250570.0,52409.0,158507.0,79232.0,63642.0,38585.0
101,07306,34,263662.0,95190.0,35911.0,75905.0,116540.0,13100.0
102,07307,34,297266.0,44659.0,16007.0,103806.0,93269.0,55282.0
103,07310,34,720053.0,41395.0,3785.0,5763.0,16835.0,1537.0
104,07311,34,965075.0,359.0,123.0,237.0,1409.0,0.0
105,07401,34,773792.0,3854.0,366.0,909.0,28858.0,14.0
106,07403,34,418860.0,1534.0,819.0,7155.0,36448.0,543.0
107,07405,34,566419.0,4779.0,283.0,11792.0,80665.0,734.0
108,07407,34,377817.0,8686.0,6546.0,28038.0,75446.0,5773.0
109,07410,34,550670.0,21181.0,2951.0,23651.0,135857.0,3055.0
110,07416,34,315179.0,254.0,936.0,1852.0,26261.0,124.0
111,07417,34,804253.0,4221.0,1067.0,4054.0,47098.0,879.0
112,07418,34,576094.0,78.0,568.0,514.0,10200.0,28.0
113,07419,34,433741.0,970.0,1191.0,2226.0,40513.0,267.0
114,07420,34,400919.0,1741.0,1310.0,3776.0,20643.0,676.0
115,07421,34,462768.0,774.0,438.0,2289.0,32703.0,1291.0
116,07422,34,454626.0,106.0,491.0,2922.0,29960.0,243.0
117,07423,34,911412.0,1547.0,27.0,1689.0,18504.0,205.0
118,07424,34,403029.0,8716.0,6590.0,24351.0,110230.0,4389.0
119,07430,34,533307.0,16224.0,4406.0,12039.0,106448.0,2587.0
120,07432,34,534272.0,650.0,276.0,4233.0,34266.0,461.0
121,07435,34,603026.0,561.0,19.0,494.0,12191.0,94.0
122,07436,34,579434.0,3442.0,945.0,4393.0,59760.0,152.0
123,07438,34,525042.0,755.0,439.0,3792.0,54403.0,397.0
124,07439,34,424598.0,292.0,32.0,1183.0,11506.0,49.0
125,07440,34,543320.0,376.0,106.0,2030.0,20806.0,213.0
126,07442,34,471713.0,3095.0,575.0,10113.0,49203.0,1417.0
127,07444,34,450607.0,941.0,47.0,4442.0,51948.0,1060.0
128,07446,34,698247.0,6681.0,215.0,3779.0,67206.0,212.0
129,07450,34,808627.0,18815.0,2136.0,9860.0,101019.0,779.0
130,07452,34,830361.0,6330.0,697.0,4171.0,50464.0,82.0
131,07456,34,588753.0,2328.0,918.0,4265.0,55537.0,741.0
132,07457,34,505436.0,997.0,29.0,2408.0,19243.0,598.0
133,07458,34,832878.0,8327.0,2318.0,4519.0,44677.0,387.0
134,07460,34,505118.0,96.0,261.0,834.0,16793.0,0.0
135,07461,34,429932.0,1878.0,1546.0,5768.0,87831.0,286.0
136,07462,34,428012.0,74.0,984.0,4268.0,30470.0,722.0
137,07463,34,578099.0,3422.0,743.0,4383.0,44176.0,681.0
138,07465,34,464083.0,1169.0,716.0,3058.0,30992.0,113.0
139,07470,34,563129.0,22945.0,5929.0,32833.0,236999.0,3561.0
140,07480,34,509215.0,1531.0,987.0,8493.0,78606.0,335.0
141,07481,34,726992.0,4237.0,440.0,3682.0,79510.0,217.0
142,07495,34,-3333333330.0,0.0,0.0,0.0,0.0,0.0
143,07501,34,135611.0,3958.0,45135.0,104225.0,40734.0,63712.0
144,07502,34,274517.0,13819.0,16169.0,45888.0,34537.0,13192.0
145,07503,34,201797.0,2289.0,6019.0,57597.0,45098.0,34366.0
146,07504,34,278444.0,464.0,29594.0,27409.0,14060.0,10806.0
147,07505,34,118631.0,397.0,4776.0,7344.0,4070.0,3597.0
148,07506,34,459621.0,1027.0,2771.0,20022.0,85288.0,3437.0
149,07508,34,381248.0,3923.0,10826.0,38945.0,85502.0,9680.0
150,07512,34,489750.0,3408.0,2045.0,8953.0,45653.0,1923.0
151,07513,34,207635.0,54.0,9380.0,51629.0,16841.0,32254.0
152,07514,34,198656.0,290.0,44329.0,48930.0,18235.0,29952.0
153,07522,34,159801.0,7611.0,33546.0,52876.0,34017.0,18047.0
154,07524,34,175375.0,226.0,16823.0,47036.0,26472.0,15559.0
155,07601,34,308066.0,23748.0,54196.0,83449.0,102017.0,33784.0
156,07603,34,408813.0,3378.0,4039.0,17984.0,28130.0,4640.0
157,07604,34,438842.0,8114.0,2186.0,8353.0,47696.0,1839.0
158,07605,34,462633.0,18685.0,1146.0,7887.0,22769.0,751.0
159,07606,34,339954.0,328.0,765.0,6256.0,9865.0,1713.0
160,07607,34,436054.0,7034.0,2213.0,10173.0,35713.0,1871.0
161,07608,34,-666537169.0,0.0,7.0,141.0,454.0,23.0
162,07620,34,598770.0,2251.0,597.0,565.0,4575.0,90.0
163,07621,34,444052.0,37533.0,10270.0,38423.0,68528.0,17030.0
164,07624,34,656721.0,16524.0,1243.0,2279.0,24825.0,105.0
165,07626,34,653268.0,12468.0,185.0,3508.0,30275.0,116.0
166,07627,34,776387.0,7545.0,39.0,2109.0,16746.0,181.0
167,07628,34,480322.0,14266.0,4294.0,16190.0,64429.0,3791.0
168,07630,34,576415.0,3438.0,391.0,5161.0,32384.0,390.0
169,07631,34,402523.0,15607.0,41937.0,35549.0,66999.0,10181.0
170,07632,34,704298.0,11332.0,407.0,1671.0,14843.0,52.0
171,07640,34,654657.0,4425.0,138.0,1692.0,18659.0,134.0
172,07641,34,851514.0,2745.0,190.0,482.0,13898.0,10.0
173,07642,34,638008.0,4188.0,964.0,4454.0,45029.0,1180.0
174,07643,34,318483.0,15061.0,1512.0,14357.0,33254.0,2767.0
175,07644,34,289015.0,12562.0,10316.0,45379.0,89744.0,6592.0
176,07645,34,617480.0,5987.0,957.0,4610.0,33160.0,1207.0
177,07646,34,429055.0,14739.0,3701.0,14791.0,58167.0,4305.0
178,07647,34,491405.0,6590.0,575.0,2752.0,19233.0,334.0
179,07648,34,579237.0,8087.0,290.0,2070.0,19968.0,342.0
180,07649,34,703355.0,5663.0,881.0,2113.0,32391.0,552.0
181,07650,34,325321.0,58932.0,1550.0,21171.0,30901.0,8678.0
182,07652,34,552572.0,36372.0,3760.0,13262.0,89289.0,1647.0
183,07656,34,571065.0,1579.0,820.0,6951.0,39639.0,1018.0
184,07657,34,345193.0,17541.0,624.0,15317.0,34305.0,2208.0
185,07660,34,368385.0,8332.0,3632.0,27060.0,45171.0,5840.0
186,07661,34,586454.0,12961.0,924.0,6265.0,41040.0,1797.0
187,07662,34,393789.0,3617.0,437.0,6399.0,22477.0,1161.0
188,07663,34,473963.0,5916.0,1757.0,10639.0,59967.0,1124.0
189,07666,34,525797.0,17448.0,56463.0,37992.0,108495.0,14860.0
190,07670,34,778103.0,19449.0,1722.0,7160.0,49296.0,1662.0
191,07675,34,598506.0,14581.0,3829.0,13344.0,110540.0,3295.0
192,07676,34,629459.0,2587.0,165.0,4285.0,42869.0,424.0
193,07677,34,790416.0,1811.0,720.0,611.0,26098.0,181.0
194,07701,34,407772.0,2674.0,8248.0,23895.0,93783.0,12339.0
195,07702,34,603453.0,437.0,118.0,562.0,19355.0,53.0
196,07703,34,-3333333330.0,0.0,75.0,103.0,328.0,22.0
197,07704,34,826502.0,257.0,892.0,799.0,28567.0,41.0
198,07711,34,647855.0,55.0,14.0,219.0,7671.0,37.0
199,07712,34,306664.0,8922.0,47777.0,36028.0,119004.0,10756.0
200,07716,34,454152.0,434.0,1313.0,2236.0,40015.0,271.0
201,07717,34,404759.0,43.0,46.0,467.0,8673.0,164.0
202,07718,34,533671.0,1568.0,114.0,2886.0,32816.0,1081.0
203,07719,34,453918.0,1247.0,1473.0,7920.0,100589.0,1241.0
204,07720,34,307142.0,302.0,1157.0,2450.0,18557.0,332.0
205,07721,34,356864.0,1559.0,4409.0,2077.0,8420.0,529.0
206,07722,34,815702.0,1116.0,684.0,2375.0,47958.0,123.0
207,07723,34,372138.0,19.0,29.0,280.0,3918.0,71.0
208,07724,34,390411.0,6589.0,12222.0,13092.0,82017.0,2568.0
209,07726,34,547271.0,17541.0,4431.0,14006.0,192387.0,2078.0
210,07727,34,385395.0,1844.0,3969.0,3175.0,31475.0,101.0
211,07728,34,436831.0,17180.0,19020.0,47008.0,225170.0,10150.0
212,07730,34,480399.0,4164.0,1808.0,7216.0,78540.0,576.0
213,07731,34,517640.0,9612.0,7795.0,19632.0,166362.0,3255.0
214,07732,34,305780.0,443.0,461.0,1284.0,22479.0,498.0
215,07733,34,734872.0,16263.0,1053.0,4659.0,62869.0,1124.0
216,07734,34,277794.0,1686.0,4961.0,8473.0,52708.0,2541.0
217,07735,34,346583.0,3353.0,7022.0,13715.0,76665.0,4901.0
218,07737,34,447952.0,444.0,68.0,1160.0,18382.0,248.0
219,07738,34,688130.0,1845.0,492.0,1330.0,28816.0,142.0
220,07739,34,760343.0,269.0,90.0,1118.0,28927.0,0.0
221,07740,34,274824.0,4050.0,22460.0,47178.0,104142.0,19184.0
222,07746,34,727247.0,14450.0,2525.0,4859.0,73840.0,1259.0
223,07747,34,498030.0,14303.0,8329.0,15787.0,124200.0,4140.0
224,07748,34,578949.0,5028.0,834.0,9231.0,127789.0,727.0
225,07750,34,589043.0,94.0,0.0,554.0,15482.0,105.0
226,07751,34,729705.0,21855.0,1490.0,3901.0,73270.0,204.0
227,07753,34,328026.0,6320.0,54679.0,16633.0,111371.0,7178.0
228,07755,34,467262.0,579.0,553.0,1695.0,26979.0,289.0
229,07756,34,296126.0,269.0,349.0,953.0,14384.0,140.0
230,07757,34,504150.0,623.0,190.0,1744.0,27100.0,133.0
231,07758,34,465659.0,554.0,368.0,2182.0,20292.0,214.0
232,07760,34,720951.0,554.0,495.0,1881.0,42516.0,398.0
233,07762,34,393444.0,1062.0,722.0,1093.0,39047.0,8.0
234,07764,34,479864.0,515.0,1524.0,2576.0,36374.0,517.0
235,07801,34,345920.0,4787.0,8243.0,73708.0,78365.0,31606.0
236,07803,34,457820.0,1403.0,479.0,4100.0,14980.0,525.0
237,07820,34,-3333333330.0,0.0,0.0,29.0,144.0,20.0
238,07821,34,538841.0,854.0,285.0,2701.0,43533.0,503.0
239,07822,34,362157.0,340.0,0.0,267.0,3043.0,0.0
240,07823,34,285021.0,631.0,566.0,1410.0,36944.0,97.0
241,07825,34,474596.0,330.0,460.0,2776.0,45133.0,240.0
242,07826,34,409674.0,383.0,198.0,1229.0,28803.0,112.0
243,07827,34,340481.0,332.0,346.0,622.0,19256.0,48.0
244,07828,34,382261.0,5341.0,5130.0,12025.0,61592.0,1193.0
245,07830,34,650837.0,1388.0,84.0,752.0,32633.0,0.0
246,07832,34,458491.0,495.0,269.0,1406.0,17817.0,36.0
247,07833,34,-1333134442.0,0.0,3.0,17.0,567.0,0.0
248,07834,34,574858.0,7835.0,1900.0,5700.0,77879.0,690.0
249,07836,34,548403.0,3758.0,2754.0,7050.0,51700.0,1471.0
250,07838,34,518587.0,401.0,219.0,645.0,15991.0,138.0
251,07840,34,393303.0,10763.0,6150.0,18386.0,125586.0,5011.0
252,07842,34,-1333042082.0,0.0,0.0,41.0,348.0,41.0
253,07843,34,399661.0,1822.0,1723.0,7761.0,53219.0,1392.0
254,07847,34,546359.0,178.0,397.0,1585.0,6678.0,676.0
255,07848,34,417317.0,617.0,808.0,1379.0,22831.0,43.0
256,07849,34,464057.0,3813.0,1497.0,3005.0,39729.0,160.0
257,07850,34,450488.0,548.0,1503.0,4889.0,26932.0,860.0
258,07851,34,496272.0,0.0,90.0,0.0,251.0,0.0
259,07852,34,441158.0,2318.0,1415.0,1594.0,16072.0,0.0
260,07853,34,778754.0,2136.0,549.0,2564.0,61505.0,136.0
261,07856,34,442962.0,794.0,1472.0,2098.0,19214.0,405.0
262,07857,34,293718.0,596.0,776.0,2565.0,14533.0,76.0
263,07860,34,411045.0,1843.0,3295.0,11333.0,118827.0,2944.0
264,07863,34,415531.0,117.0,385.0,1492.0,19203.0,164.0
265,07865,34,567637.0,58.0,505.0,470.0,9180.0,83.0
266,07866,34,512767.0,8152.0,4707.0,13285.0,94814.0,1765.0
267,07869,34,636736.0,14004.0,4247.0,13164.0,104954.0,2298.0
268,07870,34,-3333333330.0,0.0,0.0,0.0,104.0,0.0
269,07871,34,660002.0,3108.0,2242.0,6448.0,94444.0,752.0
270,07874,34,460784.0,1184.0,784.0,3508.0,37701.0,686.0
271,07876,34,618079.0,2463.0,1794.0,3448.0,46510.0,347.0
272,07878,34,512414.0,76.0,332.0,25.0,3554.0,0.0
273,07880,34,-666089372.0,0.0,0.0,659.0,1091.0,0.0
274,07881,34,-2666649997.0,0.0,0.0,0.0,28.0,0.0
275,07882,34,430061.0,1661.0,3360.0,5342.0,65646.0,1072.0
276,07885,34,381282.0,3329.0,746.0,17947.0,36125.0,9834.0
277,07901,34,680861.0,11240.0,4542.0,15892.0,92232.0,6526.0
278,07920,34,693334.0,25239.0,2581.0,6694.0,103171.0,1287.0
279,07921,34,535641.0,3239.0,594.0,3538.0,33586.0,460.0
280,07922,34,775651.0,7608.0,1010.0,3883.0,52492.0,170.0
281,07924,34,724764.0,1650.0,56.0,5245.0,33397.0,2800.0
282,07926,34,-3333333330.0,0.0,0.0,0.0,164.0,0.0
283,07927,34,547920.0,3178.0,656.0,1315.0,14762.0,72.0
284,07928,34,843285.0,8989.0,1445.0,5485.0,83463.0,268.0
285,07930,34,705579.0,1820.0,435.0,3063.0,37141.0,751.0
286,07931,34,951550.0,456.0,542.0,1181.0,15071.0,177.0
287,07932,34,596197.0,5253.0,1612.0,3636.0,42672.0,0.0
288,07933,34,645171.0,742.0,337.0,598.0,15040.0,97.0
289,07934,34,783233.0,47.0,0.0,447.0,7697.0,213.0
290,07935,34,-666092921.0,0.0,0.0,0.0,1666.0,0.0
291,07936,34,595234.0,7324.0,435.0,6975.0,47102.0,71.0
292,07939,34,-2666625414.0,48.0,459.0,146.0,556.0,0.0
293,07940,34,637912.0,5495.0,4323.0,8373.0,73479.0,858.0
294,07945,34,842253.0,1316.0,434.0,2163.0,42391.0,249.0
295,07946,34,768191.0,777.0,4.0,520.0,14483.0,28.0
296,07950,34,594652.0,18638.0,2739.0,6053.0,73175.0,313.0
297,07960,34,565267.0,11027.0,15212.0,39824.0,183539.0,8490.0
298,07961,34,-3333333330.0,0.0,0.0,0.0,0.0,0.0
299,07970,34,1189141.0,108.0,0.0,478.0,776.0,0.0
300,07974,34,737441.0,7416.0,534.0,4905.0,51315.0,403.0
301,07976,34,620395.0,0.0,0.0,256.0,3136.0,0.0
302,07979,34,748545.0,62.0,82.0,8.0,2251.0,0.0
303,07980,34,574297.0,1193.0,0.0,1119.0,10216.0,60.0
304,07981,34,568398.0,6240.0,343.0,3101.0,38411.0,145.0
305,08001,34,355279.0,0.0,385.0,195.0,4320.0,83.0
306,08002,34,390874.0,15329.0,8147.0,10984.0,80824.0,5159.0
307,08003,34,611546.0,24124.0,8998.0,6156.0,111311.0,1865.0
308,08004,34,426561.0,693.0,6071.0,3572.0,49864.0,1816.0
309,08005,34,348345.0,797.0,6953.0,9286.0,106603.0,2153.0
310,08006,34,345129.0,11.0,0.0,25.0,1867.0,25.0
311,08007,34,335522.0,238.0,668.0,1134.0,23818.0,208.0
312,08008,34,411726.0,168.0,156.0,283.0,33513.0,52.0
313,08009,34,416653.0,1746.0,6220.0,3394.0,53393.0,1356.0
314,08010,34,317492.0,1277.0,15087.0,7952.0,34337.0,2776.0
315,08012,34,359786.0,7060.0,21706.0,13375.0,158359.0,4455.0
316,08014,34,478876.0,26.0,0.0,0.0,3168.0,0.0
317,08015,34,323512.0,2938.0,17406.0,11331.0,69092.0,2165.0
318,08016,34,382144.0,10203.0,49589.0,16193.0,90895.0,4271.0
319,08019,34,467914.0,10.0,148.0,465.0,4608.0,259.0
320,08020,34,421893.0,112.0,429.0,369.0,12457.0,75.0
321,08021,34,248261.0,4852.0,62854.0,35028.0,124130.0,20523.0
322,08022,34,466746.0,5088.0,3886.0,1697.0,34658.0,324.0
323,08023,34,194231.0,0.0,41.0,195.0,1696.0,163.0
324,08026,34,414087.0,83.0,210.0,553.0,10113.0,339.0
325,08027,34,344880.0,288.0,756.0,463.0,22967.0,135.0
326,08028,34,341255.0,3228.0,19758.0,10490.0,70331.0,6528.0
327,08029,34,286430.0,195.0,275.0,1373.0,20807.0,62.0
328,08030,34,276211.0,3738.0,2604.0,7710.0,53829.0,5445.0
329,08031,34,262159.0,5433.0,1037.0,6042.0,46440.0,3312.0
330,08033,34,568885.0,1426.0,832.0,2764.0,76317.0,383.0
331,08034,34,459253.0,8313.0,6813.0,8080.0,71067.0,3888.0
332,08035,34,455546.0,531.0,762.0,1068.0,35946.0,508.0
333,08036,34,500120.0,1548.0,2798.0,1089.0,24152.0,20.0
334,08037,34,355082.0,1214.0,4753.0,20599.0,101251.0,9036.0
335,08039,34,-666391773.0,0.0,0.0,403.0,644.0,0.0
336,08041,34,568869.0,9.0,364.0,578.0,4456.0,128.0
337,08042,34,-666109143.0,0.0,0.0,0.0,885.0,0.0
338,08043,34,437544.0,28156.0,14390.0,5916.0,98161.0,1535.0
339,08045,34,310096.0,183.0,12149.0,651.0,724.0,379.0
340,08046,34,352650.0,2707.0,111284.0,16295.0,31055.0,3945.0
341,08048,34,427098.0,2968.0,10935.0,4103.0,42998.0,1602.0
342,08049,34,295784.0,623.0,4201.0,2733.0,20659.0,1198.0
343,08050,34,377489.0,1629.0,2614.0,9311.0,116812.0,1548.0
344,08051,34,387016.0,1020.0,2942.0,1375.0,48055.0,108.0
345,08052,34,292233.0,6796.0,9239.0,9279.0,72225.0,4168.0
346,08053,34,473263.0,13587.0,11904.0,10716.0,194087.0,3110.0
347,08054,34,458059.0,19056.0,20119.0,10113.0,160177.0,2920.0
348,08055,34,573301.0,3138.0,2420.0,4640.0,127212.0,1470.0
349,08056,34,783346.0,1604.0,1440.0,409.0,19830.0,0.0
350,08057,34,667934.0,7179.0,7167.0,2266.0,86628.0,633.0
351,08059,34,352293.0,126.0,1165.0,705.0,26335.0,116.0
352,08060,34,411393.0,5337.0,26725.0,14174.0,77912.0,3662.0
353,08061,34,679632.0,957.0,2779.0,815.0,10591.0,185.0
354,08062,34,640514.0,774.0,2303.0,2832.0,75828.0,954.0
355,08063,34,312210.0,104.0,364.0,480.0,14267.0,158.0
356,08064,34,-3333333330.0,58.0,240.0,11.0,554.0,0.0
357,08065,34,342600.0,1216.0,5968.0,3010.0,26244.0,2204.0
358,08066,34,236754.0,106.0,11424.0,3122.0,28660.0,1059.0
359,08067,34,401424.0,53.0,365.0,341.0,7351.0,240.0
360,08068,34,298207.0,660.0,9039.0,6161.0,20088.0,1894.0
361,08069,34,242781.0,594.0,15206.0,14530.0,41361.0,3680.0
362,08070,34,312838.0,1107.0,1641.0,1545.0,57790.0,389.0
363,08071,34,378099.0,719.0,914.0,1093.0,44362.0,111.0
364,08072,34,351780.0,16.0,99.0,61.0,1274.0,0.0
365,08074,34,-3333333330.0,0.0,43.0,0.0,42.0,0.0
366,08075,34,384309.0,4936.0,15305.0,8457.0,115862.0,5157.0
367,08077,34,492975.0,1467.0,4981.0,5471.0,86555.0,1242.0
368,08078,34,314266.0,1482.0,3740.0,4779.0,33591.0,1784.0
369,08079,34,221808.0,147.0,16783.0,4107.0,31125.0,911.0
370,08080,34,485406.0,10104.0,8792.0,6876.0,160394.0,1586.0
371,08081,34,424271.0,9434.0,84621.0,21468.0,134664.0,7680.0
372,08083,34,352305.0,1605.0,7590.0,3721.0,35570.0,1734.0
373,08084,34,368705.0,1904.0,3169.0,1709.0,28617.0,722.0
374,08085,34,577358.0,4276.0,11304.0,7299.0,80372.0,3180.0
375,08086,34,382161.0,1511.0,3141.0,2171.0,32489.0,1206.0
376,08087,34,318328.0,2120.0,942.0,7013.0,116665.0,731.0
377,08088,34,384219.0,921.0,2080.0,5030.0,113688.0,1284.0
378,08089,34,317364.0,217.0,3607.0,2399.0,16365.0,578.0
379,08090,34,426959.0,957.0,2403.0,1826.0,35593.0,709.0
380,08091,34,303112.0,1517.0,3012.0,2173.0,20867.0,1440.0
381,08092,34,376238.0,55.0,0.0,702.0,16454.0,162.0
382,08093,34,272916.0,1091.0,6092.0,4892.0,35489.0,1714.0
383,08094,34,382496.0,4713.0,29057.0,13551.0,158268.0,2932.0
384,08095,34,-1999908503.0,0.0,0.0,109.0,260.0,109.0
385,08096,34,342572.0,6719.0,26036.0,12884.0,133599.0,6005.0
386,08097,34,415330.0,156.0,983.0,891.0,14550.0,154.0
387,08098,34,437556.0,555.0,4226.0,2231.0,40377.0,366.0
388,08102,34,101238.0,472.0,11577.0,23849.0,8962.0,15157.0
389,08103,34,125023.0,990.0,44865.0,24157.0,11455.0,13073.0
390,08104,34,115975.0,430.0,73459.0,39619.0,16945.0,19044.0
391,08105,34,163109.0,6911.0,38087.0,93525.0,35469.0,54522.0
392,08106,34,374139.0,42.0,1616.0,987.0,46094.0,107.0
393,08107,34,282400.0,2617.0,10708.0,10222.0,45545.0,4871.0
394,08108,34,438386.0,2043.0,4383.0,5003.0,82097.0,1688.0
395,08109,34,343692.0,7601.0,19434.0,27496.0,69041.0,13686.0
396,08110,34,307461.0,8260.0,30005.0,39288.0,25901.0,24111.0
397,08201,34,308126.0,2627.0,7041.0,7126.0,35950.0,2675.0
398,08202,34,421573.0,56.0,7.0,88.0,7669.0,0.0
399,08203,34,328913.0,1672.0,851.0,3506.0,41685.0,344.0
400,08204,34,329154.0,987.0,2820.0,6903.0,86472.0,1231.0
401,08205,34,319462.0,17032.0,17361.0,17417.0,92554.0,6533.0
402,08210,34,347416.0,1172.0,10473.0,2828.0,69974.0,619.0
403,08212,34,258944.0,0.0,12.0,0.0,1005.0,0.0
404,08215,34,322766.0,2561.0,8360.0,10173.0,51920.0,3826.0
405,08217,34,-3333333330.0,0.0,16.0,0.0,166.0,0.0
406,08221,34,462348.0,1415.0,471.0,2209.0,31382.0,395.0
407,08223,34,380331.0,74.0,165.0,378.0,20155.0,0.0
408,08224,34,340398.0,35.0,50.0,185.0,2356.0,6.0
409,08225,34,379181.0,2561.0,833.0,4516.0,37359.0,600.0
410,08226,34,344261.0,999.0,1447.0,4135.0,51203.0,1714.0
411,08230,34,428401.0,218.0,37.0,1594.0,26749.0,176.0
412,08232,34,205149.0,3069.0,38440.0,42386.0,40021.0,10873.0
413,08234,34,386777.0,24604.0,17562.0,36896.0,143970.0,14916.0
414,08240,34,-3333333330.0,541.0,1165.0,1369.0,9580.0,161.0
415,08241,34,503116.0,82.0,40.0,101.0,5087.0,0.0
416,08242,34,277441.0,97.0,558.0,4010.0,13250.0,635.0
417,08243,34,360072.0,49.0,3.0,104.0,9673.0,2.0
418,08244,34,276796.0,2655.0,7107.0,6218.0,42110.0,931.0
419,08247,34,486705.0,24.0,37.0,18.0,4724.0,0.0
420,08248,34,-665792478.0,0.0,0.0,0.0,1042.0,0.0
421,08251,34,253821.0,33.0,362.0,3452.0,45157.0,651.0
422,08260,34,231106.0,795.0,2435.0,6460.0,59887.0,583.0
423,08270,34,314539.0,119.0,3412.0,4736.0,36747.0,821.0
424,08302,34,244173.0,3002.0,57387.0,72529.0,131137.0,23773.0
425,08310,34,257707.0,36.0,198.0,522.0,6693.0,9.0
426,08311,34,317468.0,14.0,1628.0,2126.0,8119.0,821.0
427,08312,34,323644.0,696.0,6066.0,2154.0,30945.0,375.0
428,08314,34,368279.0,555.0,5965.0,2651.0,4813.0,1601.0
429,08316,34,-666432818.0,56.0,0.0,75.0,1488.0,75.0
430,08317,34,404423.0,63.0,818.0,418.0,6236.0,87.0
431,08318,34,394396.0,442.0,3257.0,2459.0,55199.0,569.0
432,08319,34,466719.0,40.0,113.0,179.0,5741.0,7.0
433,08320,34,-3333333330.0,70.0,3532.0,1393.0,1251.0,731.0
434,08321,34,118640.0,0.0,0.0,0.0,696.0,0.0
435,08322,34,413383.0,1520.0,3958.0,3398.0,45033.0,2094.0
436,08323,34,350804.0,160.0,176.0,147.0,3183.0,5.0
437,08324,34,441956.0,0.0,0.0,11.0,1457.0,11.0
438,08326,34,321108.0,247.0,310.0,1937.0,5788.0,721.0
439,08327,34,-666364365.0,42.0,8483.0,2713.0,5452.0,1920.0
440,08328,34,299981.0,21.0,176.0,741.0,5692.0,507.0
441,08329,34,386817.0,17.0,0.0,0.0,702.0,0.0
442,08330,34,323159.0,11093.0,23383.0,19774.0,91404.0,7407.0
443,08332,34,259010.0,2751.0,30116.0,29058.0,136482.0,4019.0
444,08340,34,-666316695.0,110.0,79.0,333.0,5078.0,76.0
445,08341,34,168623.0,130.0,843.0,4313.0,7331.0,2702.0
446,08343,34,493023.0,292.0,1348.0,1417.0,23301.0,670.0
447,08344,34,345572.0,112.0,1426.0,3270.0,21804.0,507.0
448,08345,34,278172.0,40.0,310.0,52.0,2804.0,0.0
449,08346,34,-666462532.0,20.0,1379.0,1144.0,1708.0,41.0
450,08348,34,318100.0,0.0,0.0,0.0,953.0,0.0
451,08349,34,216597.0,27.0,1828.0,282.0,7761.0,146.0
452,08350,34,333008.0,0.0,0.0,426.0,4490.0,0.0
453,08352,34,356828.0,0.0,1042.0,414.0,1700.0,196.0
454,08353,34,307159.0,49.0,2.0,77.0,1899.0,0.0
455,08360,34,238713.0,2410.0,32595.0,101990.0,139228.0,27737.0
456,08361,34,379627.0,1870.0,10581.0,16194.0,72645.0,3812.0
457,08401,34,135327.0,33070.0,71534.0,56447.0,63556.0,17494.0
458,08402,34,365608.0,380.0,690.0,610.0,29090.0,72.0
459,08403,34,572369.0,24.0,33.0,22.0,5119.0,0.0
460,08406,34,268028.0,5495.0,1982.0,11048.0,42027.0,1060.0
461,08501,34,580087.0,1720.0,1000.0,1276.0,27699.0,193.0
462,08502,34,916115.0,20961.0,1412.0,3248.0,33900.0,178.0
463,08505,34,443153.0,7210.0,8941.0,6429.0,68328.0,2183.0
464,08510,34,720534.0,793.0,904.0,2716.0,25320.0,818.0
465,08511,34,412837.0,71.0,275.0,507.0,3678.0,157.0
466,08512,34,428016.0,10917.0,3320.0,11125.0,36767.0,2301.0
467,08514,34,467946.0,475.0,834.0,1100.0,24503.0,13.0
468,08515,34,701716.0,4736.0,3104.0,2715.0,22341.0,855.0
469,08518,34,297940.0,2211.0,4163.0,1206.0,18805.0,203.0
470,08520,34,443825.0,22730.0,11340.0,31047.0,91597.0,7393.0
471,08525,34,616752.0,513.0,502.0,777.0,23172.0,55.0
472,08527,34,444910.0,9433.0,15839.0,26098.0,245616.0,3923.0
473,08530,34,471735.0,721.0,2443.0,1950.0,33362.0,543.0
474,08533,34,516869.0,271.0,793.0,2649.0,30752.0,274.0
475,08534,34,650503.0,6930.0,1932.0,3346.0,54118.0,754.0
476,08535,34,832892.0,1626.0,476.0,736.0,21243.0,113.0
477,08536,34,505190.0,55899.0,6771.0,3462.0,32284.0,2432.0
478,08540,34,674642.0,72515.0,10686.0,10865.0,150404.0,2052.0
479,08542,34,382884.0,2993.0,2863.0,5402.0,20928.0,617.0
480,08550,34,959110.0,41805.0,1728.0,3105.0,50710.0,531.0
481,08551,34,656226.0,1407.0,514.0,1375.0,23389.0,0.0
482,08553,34,549605.0,17.0,221.0,215.0,2805.0,0.0
483,08554,34,406883.0,371.0,1816.0,1564.0,16299.0,223.0
484,08555,34,466052.0,99.0,173.0,157.0,3545.0,71.0
485,08558,34,974409.0,6819.0,944.0,1349.0,28212.0,111.0
486,08559,34,575443.0,59.0,23.0,917.0,25521.0,113.0
487,08560,34,566504.0,583.0,1435.0,516.0,15945.0,153.0
488,08561,34,-1999749012.0,279.0,366.0,0.0,355.0,0.0
489,08562,34,314744.0,700.0,3089.0,2997.0,17594.0,675.0
490,08608,34,76726.0,4.0,2906.0,765.0,686.0,519.0
491,08609,34,156465.0,1663.0,34364.0,23686.0,23817.0,4810.0
492,08610,34,302170.0,4310.0,29119.0,40684.0,105339.0,9338.0
493,08611,34,183151.0,2314.0,34121.0,78436.0,76819.0,15920.0
494,08618,34,210250.0,5113.0,123862.0,21396.0,62345.0,4395.0
495,08619,34,373885.0,6263.0,9306.0,11826.0,86870.0,3240.0
496,08620,34,454581.0,2066.0,5707.0,4455.0,53390.0,651.0
497,08628,34,449715.0,2813.0,8651.0,2380.0,33820.0,480.0
498,08629,34,296171.0,1880.0,28776.0,25921.0,31666.0,4251.0
499,08638,34,267567.0,2105.0,47535.0,19592.0,57597.0,3729.0
500,08640,34,307386.0,651.0,12805.0,9373.0,20677.0,2231.0
501,08641,34,292324.0,759.0,3452.0,4912.0,14811.0,1207.0
502,08648,34,477886.0,25067.0,19190.0,13730.0,109116.0,2717.0
503,08690,34,496442.0,5766.0,4455.0,4998.0,82711.0,242.0
504,08691,34,608081.0,11212.0,2623.0,3691.0,64036.0,936.0
505,08701,34,229786.0,4498.0,17643.0,75189.0,453527.0,17225.0
506,08720,34,583466.0,4.0,63.0,22.0,4325.0,10.0
507,08721,34,399508.0,2150.0,1930.0,8887.0,96231.0,2201.0
508,08722,34,369685.0,401.0,1264.0,4451.0,52340.0,730.0
509,08723,34,354789.0,3771.0,3555.0,17355.0,145926.0,5646.0
510,08724,34,385411.0,3539.0,4426.0,17195.0,192856.0,3284.0
511,08730,34,662043.0,97.0,532.0,919.0,22520.0,384.0
512,08731,34,377265.0,1329.0,837.0,6162.0,96525.0,932.0
513,08732,34,439214.0,58.0,65.0,213.0,6407.0,0.0
514,08733,34,317986.0,523.0,974.0,1852.0,11341.0,578.0
515,08734,34,417941.0,32.0,243.0,976.0,41642.0,43.0
516,08735,34,345444.0,51.0,22.0,577.0,17871.0,0.0
517,08736,34,566801.0,1784.0,259.0,2702.0,61751.0,137.0
518,08738,34,462020.0,161.0,54.0,106.0,5049.0,12.0
519,08740,34,312175.0,28.0,338.0,661.0,9019.0,0.0
520,08741,34,455873.0,123.0,208.0,731.0,12521.0,78.0
521,08742,34,456782.0,453.0,522.0,6878.0,118248.0,1188.0
522,08750,34,592490.0,20.0,10.0,290.0,15780.0,122.0
523,08751,34,281746.0,323.0,372.0,4960.0,17885.0,2528.0
524,08752,34,341865.0,16.0,72.0,241.0,10914.0,94.0
525,08753,34,386317.0,10154.0,8599.0,29030.0,281650.0,7231.0
526,08755,34,351322.0,8306.0,5541.0,11375.0,110766.0,2207.0
527,08757,34,208824.0,2511.0,8440.0,15475.0,149051.0,3465.0
528,08758,34,334318.0,0.0,167.0,994.0,37562.0,2.0
529,08759,34,189455.0,3339.0,7353.0,6341.0,150377.0,789.0
530,08801,34,602072.0,2028.0,7702.0,5120.0,31711.0,1836.0
531,08802,34,617583.0,517.0,27.0,735.0,19811.0,54.0
532,08804,34,441890.0,92.0,123.0,447.0,11897.0,88.0
533,08805,34,348004.0,1882.0,2789.0,26121.0,50081.0,4560.0
534,08807,34,607160.0,46581.0,5770.0,19244.0,133459.0,4772.0
535,08808,34,-1333113475.0,0.0,0.0,0.0,362.0,0.0
536,08809,34,488919.0,2395.0,2477.0,2295.0,24342.0,320.0
537,08810,34,639298.0,22197.0,5200.0,3732.0,15692.0,1376.0
538,08812,34,477852.0,11022.0,7045.0,15355.0,46704.0,5973.0
539,08816,34,529312.0,59764.0,10410.0,19392.0,155171.0,3700.0
540,08817,34,437902.0,87368.0,19307.0,28207.0,97363.0,13035.0
541,08820,34,610794.0,131164.0,7426.0,9266.0,52238.0,2193.0
542,08821,34,298030.0,85.0,143.0,179.0,1506.0,0.0
543,08822,34,538991.0,9151.0,2910.0,14589.0,136006.0,3345.0
544,08823,34,517676.0,16361.0,11243.0,4243.0,15445.0,1684.0
545,08824,34,656909.0,21195.0,4637.0,5811.0,34414.0,738.0
546,08825,34,524111.0,429.0,107.0,524.0,21135.0,145.0
547,08826,34,496088.0,529.0,481.0,1346.0,24446.0,219.0
548,08827,34,535172.0,371.0,168.0,1318.0,20211.0,185.0
549,08828,34,405476.0,772.0,537.0,1466.0,9996.0,278.0
550,08829,34,452853.0,322.0,483.0,1553.0,16886.0,20.0
551,08830,34,442182.0,48673.0,6973.0,6159.0,31872.0,1498.0
552,08831,34,394146.0,42489.0,10887.0,16255.0,189310.0,1376.0
553,08832,34,281520.0,674.0,1427.0,8410.0,8216.0,1932.0
554,08833,34,676188.0,1254.0,209.0,1800.0,39768.0,52.0
555,08835,34,336036.0,1210.0,2519.0,11851.0,44858.0,2683.0
556,08836,34,761933.0,2987.0,293.0,1792.0,15621.0,14.0
557,08837,34,402712.0,27723.0,9667.0,11454.0,39831.0,3313.0
558,08840,34,587868.0,15286.0,5058.0,6678.0,58268.0,1325.0
559,08844,34,603851.0,33126.0,9800.0,14754.0,147244.0,2655.0
560,08846,34,381707.0,4811.0,5879.0,15483.0,48610.0,7055.0
561,08848,34,499900.0,122.0,153.0,1044.0,41301.0,7.0
562,08850,34,532688.0,3131.0,1079.0,4702.0,37931.0,219.0
563,08852,34,515764.0,41142.0,9564.0,3702.0,36316.0,1435.0
564,08853,34,672406.0,2692.0,2684.0,1189.0,20445.0,177.0
565,08854,34,460923.0,106903.0,57431.0,34487.0,104402.0,7341.0
566,08857,34,456756.0,27206.0,11670.0,24774.0,155781.0,3597.0
567,08858,34,-3333333330.0,0.0,0.0,0.0,605.0,0.0
568,08859,34,407217.0,20352.0,11444.0,17120.0,72642.0,2878.0
569,08861,34,254498.0,4541.0,21214.0,215063.0,214909.0,24292.0
570,08863,34,429603.0,11379.0,6860.0,14735.0,39506.0,3427.0
571,08865,34,308265.0,3158.0,10654.0,14047.0,123879.0,3373.0
572,08867,34,633274.0,800.0,215.0,765.0,24718.0,7.0
573,08869,34,383548.0,6000.0,928.0,6969.0,28688.0,1492.0
574,08872,34,382496.0,15955.0,17538.0,12546.0,65021.0,1238.0
575,08873,34,446611.0,51064.0,77881.0,39445.0,123218.0,7567.0
576,08876,34,461418.0,11340.0,7626.0,16028.0,87042.0,3035.0
577,08879,34,350536.0,11172.0,9364.0,18798.0,89247.0,3299.0
578,08880,34,399816.0,2359.0,2414.0,7176.0,15649.0,1072.0
579,08882,34,336827.0,3672.0,5977.0,19783.0,64075.0,4021.0
580,08884,34,380719.0,1454.0,1514.0,4358.0,37419.0,571.0
581,08886,34,536271.0,1990.0,2259.0,1840.0,30489.0,426.0
582,08887,34,433690.0,273.0,60.0,226.0,5025.0,27.0
583,08889,34,652448.0,2323.0,60.0,2430.0,46130.0,0.0
584,08890,34,-3333333330.0,0.0,0.0,0.0,32.0,0.0
585,08901,34,203244.0,28185.0,41830.0,148254.0,189016.0,23076.0
586,08902,34,442850.0,51912.0,38540.0,40717.0,102868.0,9434.0
587,08904,34,374827.0,10064.0,6478.0,10474.0,48563.0,3061.0
588,08528,34,,255.0,0.0,0.0,435.0,0.0
589,08246,34,,191.0,0.0,0.0,397.0,0.0
590,08011,34,,0.0,0.0,0.0,107.0,0.0
591,07977,34,,54.0,214.0,1001.0,2572.0,298.0
592,08038,34,,0.0,0.0,0.0,399.0,0.0
593,08073,34,,0.0,0.0,0.0,1094.0,209.0
594,07846,34,,0.0,0.0,181.0,301.0,0.0
