,Name,Household Income,Asian American,Black American,Hispanic American,White American,Other,state,Zip Code
15064,ZCTA5 07504,50203.0,8.0,6429.0,5587.0,2670.0,1946.0,34,07504
15065,ZCTA5 07505,28426.0,61.0,1039.0,1676.0,862.0,805.0,34,07505
15066,ZCTA5 07506,89472.0,216.0,299.0,3869.0,17369.0,702.0,34,07506
15067,ZCTA5 07508,75578.0,992.0,1863.0,7521.0,16921.0,2136.0,34,07508
15068,ZCTA5 07512,96573.0,695.0,422.0,1603.0,9115.0,442.0,34,07512
15069,ZCTA5 07513,40645.0,4.0,2130.0,10454.0,3895.0,5568.0,34,07513
15070,ZCTA5 07514,36880.0,43.0,9319.0,10249.0,3763.0,5937.0,34,07514
15071,ZCTA5 07522,28785.0,1476.0,6768.0,9832.0,6353.0,3086.0,34,07522
15072,ZCTA5 07524,32701.0,69.0,3571.0,8890.0,5248.0,2636.0,34,07524
15073,ZCTA5 07601,56222.0,4377.0,10886.0,16152.0,19438.0,8078.0,34,07601
15074,ZCTA5 07603,78059.0,740.0,679.0,3511.0,5585.0,1003.0,34,07603
15075,ZCTA5 07604,82870.0,1558.0,213.0,1479.0,9849.0,350.0,34,07604
15076,ZCTA5 07605,88401.0,3696.0,138.0,1543.0,4575.0,179.0,34,07605
15077,ZCTA5 07606,66023.0,93.0,177.0,1156.0,1858.0,422.0,34,07606
15078,ZCTA5 07607,86155.0,1251.0,315.0,1975.0,7524.0,382.0,34,07607
15079,ZCTA5 07608,31250.0,0.0,0.0,19.0,82.0,4.0,34,07608
15080,ZCTA5 07620,113750.0,444.0,141.0,122.0,895.0,15.0,34,07620
15081,ZCTA5 07621,81042.0,7953.0,1915.0,7304.0,12907.0,3873.0,34,07621
15082,ZCTA5 07624,128807.0,3423.0,335.0,434.0,4814.0,26.0,34,07624
15083,ZCTA5 07626,117164.0,2170.0,64.0,785.0,6323.0,0.0,34,07626
15084,ZCTA5 07627,150139.0,1476.0,11.0,522.0,3406.0,41.0,34,07627
15085,ZCTA5 07628,96395.0,2768.0,869.0,3143.0,12855.0,849.0,34,07628
15086,ZCTA5 07630,109613.0,569.0,29.0,756.0,6648.0,104.0,34,07630
15087,ZCTA5 07631,77204.0,3467.0,8577.0,6597.0,12369.0,2348.0,34,07631
15088,ZCTA5 07632,132165.0,2298.0,76.0,248.0,3051.0,13.0,34,07632
15089,ZCTA5 07640,136313.0,855.0,34.0,380.0,3781.0,16.0,34,07640
15090,ZCTA5 07641,168371.0,547.0,36.0,76.0,2775.0,0.0,34,07641
15091,ZCTA5 07642,118138.0,776.0,138.0,1005.0,9102.0,300.0,34,07642
15092,ZCTA5 07643,62543.0,3256.0,312.0,2803.0,6448.0,565.0,34,07643
15093,ZCTA5 07644,53807.0,2537.0,2303.0,9060.0,17674.0,1419.0,34,07644
15094,ZCTA5 07645,111436.0,1073.0,101.0,929.0,6768.0,297.0,34,07645
15095,ZCTA5 07646,80709.0,2920.0,681.0,3168.0,11674.0,937.0,34,07646
15096,ZCTA5 07647,90647.0,1271.0,128.0,504.0,3822.0,98.0,34,07647
15097,ZCTA5 07648,112031.0,1627.0,89.0,448.0,3988.0,55.0,34,07648
15098,ZCTA5 07649,145761.0,1059.0,186.0,362.0,6477.0,126.0,34,07649
15099,ZCTA5 07650,63194.0,11712.0,355.0,4225.0,6094.0,1678.0,34,07650
15100,ZCTA5 07652,101793.0,7129.0,762.0,2490.0,17939.0,405.0,34,07652
15101,ZCTA5 07656,103700.0,251.0,242.0,1441.0,7730.0,313.0,34,07656
15102,ZCTA5 07657,70461.0,3615.0,140.0,3085.0,6566.0,566.0,34,07657
15103,ZCTA5 07660,64980.0,1815.0,762.0,5208.0,8426.0,1578.0,34,07660
15104,ZCTA5 07661,111250.0,2559.0,114.0,1349.0,8251.0,400.0,34,07661
15105,ZCTA5 07662,76354.0,738.0,75.0,1262.0,4658.0,78.0,34,07662
15106,ZCTA5 07663,93373.0,1248.0,161.0,2111.0,11935.0,420.0,34,07663
15107,ZCTA5 07666,101128.0,3466.0,11904.0,7009.0,20553.0,3595.0,34,07666
15108,ZCTA5 07670,144353.0,3691.0,381.0,1470.0,10061.0,362.0,34,07670
15109,ZCTA5 07675,115177.0,2740.0,1009.0,2614.0,21940.0,917.0,34,07675
15110,ZCTA5 07676,113835.0,565.0,19.0,718.0,8597.0,90.0,34,07676
15111,ZCTA5 07677,150862.0,399.0,159.0,67.0,5232.0,0.0,34,07677
15112,ZCTA5 07701,76259.0,462.0,1726.0,5060.0,18254.0,2860.0,34,07701
15113,ZCTA5 07702,116071.0,37.0,24.0,156.0,3905.0,0.0,34,07702
15114,ZCTA5 07703,-666666666.0,0.0,13.0,25.0,42.0,13.0,34,07703
15115,ZCTA5 07704,161131.0,31.0,183.0,156.0,5784.0,0.0,34,07704
15116,ZCTA5 07711,135000.0,13.0,2.0,38.0,1498.0,8.0,34,07711
15117,ZCTA5 07712,56355.0,1566.0,9996.0,7537.0,23681.0,2080.0,34,07712
15118,ZCTA5 07716,88287.0,110.0,279.0,486.0,8176.0,60.0,34,07716
15119,ZCTA5 07717,73516.0,0.0,7.0,60.0,1778.0,44.0,34,07717
15120,ZCTA5 07718,92266.0,300.0,30.0,707.0,6732.0,163.0,34,07718
15121,ZCTA5 07719,84786.0,248.0,255.0,1332.0,19961.0,251.0,34,07719
15122,ZCTA5 07720,59643.0,67.0,212.0,550.0,3808.0,20.0,34,07720
15123,ZCTA5 07721,69071.0,347.0,987.0,325.0,1563.0,164.0,34,07721
15124,ZCTA5 07722,157125.0,242.0,162.0,364.0,9504.0,32.0,34,07722
15125,ZCTA5 07723,81250.0,5.0,12.0,40.0,987.0,0.0,34,07723
15126,ZCTA5 07724,74135.0,1420.0,2200.0,2880.0,17126.0,418.0,34,07724
15127,ZCTA5 07726,106355.0,3718.0,627.0,2637.0,38669.0,440.0,34,07726
15128,ZCTA5 07727,75665.0,319.0,934.0,659.0,6815.0,13.0,34,07727
15129,ZCTA5 07728,85780.0,3352.0,4115.0,8681.0,45854.0,1637.0,34,07728
15130,ZCTA5 07730,91500.0,852.0,454.0,1416.0,15815.0,139.0,34,07730
15131,ZCTA5 07731,99437.0,1794.0,1566.0,3723.0,32939.0,696.0,34,07731
15132,ZCTA5 07732,61487.0,36.0,73.0,358.0,4505.0,212.0,34,07732
15133,ZCTA5 07733,144983.0,3319.0,289.0,938.0,12500.0,281.0,34,07733
15134,ZCTA5 07734,52857.0,339.0,825.0,1967.0,10369.0,683.0,34,07734
15135,ZCTA5 07735,63600.0,752.0,1580.0,2488.0,14841.0,1163.0,34,07735
15136,ZCTA5 07737,80847.0,69.0,0.0,234.0,3531.0,40.0,34,07737
15137,ZCTA5 07738,129773.0,313.0,108.0,284.0,5776.0,26.0,34,07738
15138,ZCTA5 07739,137652.0,47.0,24.0,169.0,5818.0,0.0,34,07739
15139,ZCTA5 07740,51918.0,1090.0,4062.0,9557.0,20759.0,4027.0,34,07740
15140,ZCTA5 07746,140511.0,2784.0,548.0,883.0,14858.0,259.0,34,07746
15141,ZCTA5 07747,92500.0,3059.0,1627.0,3228.0,24875.0,978.0,34,07747
15142,ZCTA5 07748,114136.0,1053.0,152.0,1696.0,25391.0,108.0,34,07748
15143,ZCTA5 07750,106172.0,15.0,0.0,100.0,3129.0,0.0,34,07750
15144,ZCTA5 07751,142321.0,4309.0,246.0,639.0,14789.0,13.0,34,07751
15145,ZCTA5 07753,61104.0,968.0,11368.0,3412.0,21967.0,1460.0,34,07753
15146,ZCTA5 07755,86768.0,132.0,77.0,313.0,5368.0,85.0,34,07755
15147,ZCTA5 07756,58682.0,89.0,88.0,216.0,2864.0,15.0,34,07756
15148,ZCTA5 07757,106648.0,113.0,59.0,264.0,5464.0,18.0,34,07757
15149,ZCTA5 07758,91799.0,78.0,61.0,409.0,4296.0,53.0,34,07758
15150,ZCTA5 07760,130000.0,123.0,140.0,401.0,8522.0,83.0,34,07760
15151,ZCTA5 07762,72821.0,224.0,112.0,252.0,7726.0,0.0,34,07762
15152,ZCTA5 07764,85640.0,177.0,283.0,469.0,7294.0,66.0,34,07764
15153,ZCTA5 07801,67044.0,868.0,1440.0,15234.0,15436.0,7354.0,34,07801
15154,ZCTA5 07803,91429.0,270.0,95.0,659.0,3140.0,49.0,34,07803
15155,ZCTA5 07820,-666666666.0,0.0,0.0,8.0,34.0,5.0,34,07820
15156,ZCTA5 07821,107579.0,131.0,26.0,616.0,9043.0,166.0,34,07821
15157,ZCTA5 07822,69688.0,83.0,0.0,0.0,505.0,0.0,34,07822
15158,ZCTA5 07823,54508.0,126.0,93.0,221.0,7435.0,15.0,34,07823
15159,ZCTA5 07825,89464.0,61.0,128.0,459.0,9033.0,54.0,34,07825
15160,ZCTA5 07826,80227.0,71.0,46.0,260.0,5793.0,3.0,34,07826
15161,ZCTA5 07827,66313.0,46.0,68.0,207.0,3824.0,9.0,34,07827
15162,ZCTA5 07828,77021.0,1029.0,865.0,2523.0,12432.0,306.0,34,07828
15163,ZCTA5 07830,136544.0,311.0,42.0,88.0,6498.0,0.0,34,07830
15164,ZCTA5 07832,86705.0,97.0,44.0,351.0,3664.0,0.0,34,07832
15165,ZCTA5 07833,-666666666.0,0.0,1.0,0.0,115.0,0.0,34,07833
15166,ZCTA5 07834,109088.0,1498.0,323.0,1262.0,15727.0,162.0,34,07834
15167,ZCTA5 07836,105357.0,826.0,495.0,1571.0,10052.0,530.0,34,07836
15168,ZCTA5 07838,100556.0,113.0,48.0,108.0,3330.0,15.0,34,07838
15169,ZCTA5 07840,75516.0,2329.0,1349.0,3528.0,24807.0,1070.0,34,07840
15170,ZCTA5 07842,96389.0,0.0,0.0,10.0,61.0,10.0,34,07842
15171,ZCTA5 07843,76802.0,288.0,284.0,1463.0,10982.0,344.0,34,07843
15172,ZCTA5 07846,202875.0,0.0,0.0,41.0,58.0,0.0,34,07846
15173,ZCTA5 07847,105852.0,31.0,92.0,287.0,1267.0,173.0,34,07847
15174,ZCTA5 07848,83555.0,100.0,174.0,279.0,4483.0,1.0,34,07848
15175,ZCTA5 07849,92134.0,833.0,103.0,587.0,8246.0,22.0,34,07849
15176,ZCTA5 07850,88079.0,103.0,215.0,820.0,5491.0,259.0,34,07850
15177,ZCTA5 07851,69688.0,0.0,36.0,0.0,48.0,0.0,34,07851
15178,ZCTA5 07852,96422.0,530.0,289.0,428.0,3354.0,0.0,34,07852
15179,ZCTA5 07853,149100.0,444.0,115.0,474.0,12444.0,25.0,34,07853
15180,ZCTA5 07856,85167.0,191.0,246.0,340.0,3793.0,62.0,34,07856
15181,ZCTA5 07857,53424.0,120.0,183.0,529.0,2869.0,18.0,34,07857
15182,ZCTA5 07860,78801.0,323.0,881.0,2274.0,23712.0,693.0,34,07860
15183,ZCTA5 07863,84960.0,23.0,78.0,296.0,3932.0,9.0,34,07863
15184,ZCTA5 07865,103750.0,14.0,132.0,67.0,1741.0,7.0,34,07865
15185,ZCTA5 07866,98538.0,1987.0,883.0,2403.0,17940.0,338.0,34,07866
15186,ZCTA5 07869,120924.0,2650.0,877.0,2395.0,21055.0,437.0,34,07869
15187,ZCTA5 07870,-666666666.0,0.0,0.0,0.0,8.0,0.0,34,07870
15188,ZCTA5 07871,129830.0,574.0,434.0,1163.0,19014.0,108.0,34,07871
15189,ZCTA5 07874,90968.0,309.0,117.0,610.0,7662.0,58.0,34,07874
15190,ZCTA5 07876,118818.0,478.0,343.0,682.0,9389.0,85.0,34,07876
15191,ZCTA5 07878,103477.0,23.0,55.0,12.0,776.0,0.0,34,07878
15192,ZCTA5 07880,129000.0,0.0,0.0,184.0,280.0,0.0,34,07880
15193,ZCTA5 07881,-666666666.0,0.0,0.0,0.0,6.0,0.0,34,07881
15194,ZCTA5 07882,84430.0,271.0,560.0,1053.0,13430.0,216.0,34,07882
15195,ZCTA5 07885,74509.0,653.0,126.0,3464.0,6959.0,2131.0,34,07885
15196,ZCTA5 07901,132107.0,2205.0,824.0,3320.0,18613.0,1187.0,34,07901
15197,ZCTA5 07920,132417.0,4764.0,453.0,1226.0,20975.0,259.0,34,07920
15198,ZCTA5 07921,101036.0,658.0,189.0,660.0,6673.0,140.0,34,07921
15199,ZCTA5 07922,144633.0,1358.0,182.0,952.0,10667.0,36.0,34,07922
15200,ZCTA5 07924,135677.0,238.0,23.0,1145.0,6590.0,797.0,34,07924
15201,ZCTA5 07926,-666666666.0,0.0,0.0,0.0,73.0,0.0,34,07926
15202,ZCTA5 07927,97321.0,512.0,98.0,179.0,3083.0,9.0,34,07927
15203,ZCTA5 07928,154727.0,1732.0,237.0,1085.0,17068.0,73.0,34,07928
15204,ZCTA5 07930,136150.0,372.0,55.0,625.0,7445.0,158.0,34,07930
15205,ZCTA5 07931,197457.0,54.0,118.0,217.0,3328.0,58.0,34,07931
15206,ZCTA5 07932,116472.0,1112.0,366.0,850.0,8563.0,0.0,34,07932
15207,ZCTA5 07933,111464.0,139.0,73.0,98.0,3076.0,19.0,34,07933
15208,ZCTA5 07934,149688.0,11.0,0.0,50.0,1526.0,43.0,34,07934
15209,ZCTA5 07935,130446.0,0.0,0.0,0.0,289.0,0.0,34,07935
15210,ZCTA5 07936,105625.0,1482.0,19.0,1175.0,9469.0,15.0,34,07936
15211,ZCTA5 07939,-666666666.0,8.0,91.0,28.0,111.0,0.0,34,07939
15212,ZCTA5 07940,120304.0,1023.0,1006.0,1779.0,14612.0,182.0,34,07940
15213,ZCTA5 07945,164120.0,300.0,96.0,416.0,8422.0,77.0,34,07945
15214,ZCTA5 07946,143550.0,114.0,1.0,71.0,2986.0,0.0,34,07946
15215,ZCTA5 07950,115137.0,3549.0,549.0,1062.0,14833.0,62.0,34,07950
15216,ZCTA5 07960,104100.0,1970.0,3115.0,8073.0,36587.0,1803.0,34,07960
15217,ZCTA5 07961,-666666666.0,0.0,0.0,0.0,0.0,0.0,34,07961
15218,ZCTA5 07970,250001.0,17.0,0.0,83.0,147.0,0.0,34,07970
15219,ZCTA5 07974,145607.0,1381.0,90.0,976.0,10316.0,80.0,34,07974
15220,ZCTA5 07976,113580.0,0.0,0.0,37.0,586.0,0.0,34,07976
15221,ZCTA5 07977,48289.0,15.0,42.0,180.0,488.0,52.0,34,07977
15222,ZCTA5 07979,175556.0,18.0,13.0,4.0,477.0,0.0,34,07979
15223,ZCTA5 07980,100688.0,436.0,0.0,241.0,1853.0,0.0,34,07980
15224,ZCTA5 07981,115133.0,1269.0,21.0,585.0,7728.0,34.0,34,07981
15225,ZCTA5 08001,68050.0,0.0,105.0,34.0,868.0,16.0,34,08001
15226,ZCTA5 08002,75895.0,2760.0,1522.0,2332.0,16189.0,1082.0,34,08002
15227,ZCTA5 08003,115564.0,4745.0,2024.0,1141.0,22268.0,402.0,34,08003
15228,ZCTA5 08004,80606.0,76.0,1282.0,721.0,9842.0,366.0,34,08004
15229,ZCTA5 08005,64907.0,185.0,1304.0,1836.0,20808.0,472.0,34,08005
15230,ZCTA5 08006,70938.0,1.0,0.0,0.0,422.0,0.0,34,08006
15231,ZCTA5 08007,59828.0,21.0,117.0,228.0,4865.0,49.0,34,08007
15232,ZCTA5 08008,80372.0,34.0,38.0,47.0,6581.0,0.0,34,08008
15233,ZCTA5 08009,83428.0,307.0,1167.0,790.0,10956.0,408.0,34,08009
15234,ZCTA5 08010,62541.0,408.0,3230.0,1329.0,6675.0,548.0,34,08010
15235,ZCTA5 08011,-666666666.0,0.0,0.0,0.0,62.0,0.0,34,08011
15236,ZCTA5 08012,70316.0,1358.0,4550.0,2838.0,32674.0,1056.0,34,08012
15237,ZCTA5 08014,98405.0,13.0,0.0,0.0,718.0,0.0,34,08014
15238,ZCTA5 08015,62423.0,533.0,3113.0,2437.0,14512.0,505.0,34,08015
15239,ZCTA5 08016,75885.0,2074.0,9682.0,2925.0,17970.0,836.0,34,08016
15240,ZCTA5 08019,87250.0,0.0,37.0,109.0,928.0,48.0,34,08019
15241,ZCTA5 08020,71393.0,0.0,56.0,51.0,2545.0,4.0,34,08020
15242,ZCTA5 08021,47134.0,1014.0,12272.0,7098.0,24721.0,4332.0,34,08021
15243,ZCTA5 08022,92379.0,1046.0,761.0,358.0,6809.0,73.0,34,08022
15244,ZCTA5 08023,54500.0,0.0,7.0,92.0,339.0,92.0,34,08023
15245,ZCTA5 08026,78824.0,4.0,43.0,56.0,2051.0,30.0,34,08026
15246,ZCTA5 08027,64289.0,48.0,149.0,42.0,4625.0,19.0,34,08027
15247,ZCTA5 08028,66875.0,522.0,3887.0,2041.0,14292.0,1184.0,34,08028
15248,ZCTA5 08029,54153.0,41.0,0.0,160.0,4013.0,11.0,34,08029
15249,ZCTA5 08030,55053.0,790.0,461.0,1512.0,10859.0,1091.0,34,08030
15250,ZCTA5 08031,47569.0,1024.0,182.0,1085.0,9469.0,668.0,34,08031
15251,ZCTA5 08033,108521.0,338.0,197.0,565.0,15360.0,99.0,34,08033
15252,ZCTA5 08034,92109.0,1761.0,1218.0,1857.0,14347.0,947.0,34,08034
15253,ZCTA5 08035,85852.0,102.0,193.0,249.0,7131.0,130.0,34,08035
15254,ZCTA5 08036,94873.0,322.0,694.0,218.0,4689.0,0.0,34,08036
15255,ZCTA5 08037,67382.0,219.0,1010.0,3942.0,20511.0,1445.0,34,08037
15256,ZCTA5 08038,49167.0,0.0,0.0,0.0,57.0,0.0,34,08038
15257,ZCTA5 08039,68684.0,0.0,0.0,68.0,110.0,0.0,34,08039
15258,ZCTA5 08041,106667.0,0.0,74.0,135.0,928.0,39.0,34,08041
15259,ZCTA5 08042,150875.0,0.0,0.0,0.0,118.0,0.0,34,08042
15260,ZCTA5 08043,82563.0,5727.0,2763.0,993.0,19786.0,291.0,34,08043
15261,ZCTA5 08045,58523.0,51.0,2446.0,164.0,130.0,97.0,34,08045
15262,ZCTA5 08046,67500.0,442.0,21785.0,3360.0,6438.0,980.0,34,08046
15263,ZCTA5 08048,84049.0,498.0,2216.0,640.0,8938.0,227.0,34,08048
15264,ZCTA5 08049,57566.0,96.0,780.0,548.0,4346.0,249.0,34,08049
15265,ZCTA5 08050,72773.0,364.0,531.0,2127.0,23464.0,137.0,34,08050
15266,ZCTA5 08051,76980.0,241.0,569.0,262.0,9657.0,0.0,34,08051
15267,ZCTA5 08052,58472.0,1203.0,1746.0,2065.0,14738.0,958.0,34,08052
15268,ZCTA5 08053,90315.0,2677.0,2159.0,2237.0,39253.0,717.0,34,08053
15269,ZCTA5 08054,87958.0,3680.0,3816.0,1918.0,32599.0,690.0,34,08054
15270,ZCTA5 08055,112299.0,655.0,672.0,1041.0,25105.0,395.0,34,08055
15271,ZCTA5 08056,155612.0,256.0,262.0,97.0,3903.0,0.0,34,08056
15272,ZCTA5 08057,125561.0,1472.0,1608.0,228.0,17255.0,62.0,34,08057
15273,ZCTA5 08059,66969.0,14.0,279.0,128.0,5232.0,23.0,34,08059
15274,ZCTA5 08060,78420.0,1068.0,5289.0,2482.0,15709.0,687.0,34,08060
15275,ZCTA5 08061,128173.0,174.0,617.0,170.0,2140.0,53.0,34,08061
15276,ZCTA5 08062,122428.0,177.0,390.0,604.0,15022.0,244.0,34,08062
15277,ZCTA5 08063,61500.0,9.0,71.0,50.0,2906.0,22.0,34,08063
15278,ZCTA5 08064,-666666666.0,5.0,50.0,1.0,98.0,0.0,34,08064
15279,ZCTA5 08065,66235.0,290.0,1212.0,596.0,5208.0,441.0,34,08065
15280,ZCTA5 08066,43714.0,0.0,2719.0,792.0,5214.0,358.0,34,08066
15281,ZCTA5 08067,75125.0,10.0,69.0,68.0,1537.0,50.0,34,08067
15282,ZCTA5 08068,57766.0,118.0,1509.0,1343.0,4056.0,513.0,34,08068
15283,ZCTA5 08069,46955.0,117.0,3220.0,2656.0,8199.0,805.0,34,08069
15284,ZCTA5 08070,58263.0,220.0,238.0,320.0,11726.0,85.0,34,08070
15285,ZCTA5 08071,73712.0,171.0,164.0,148.0,9045.0,29.0,34,08071
15286,ZCTA5 08072,69271.0,4.0,19.0,0.0,255.0,0.0,34,08072
15287,ZCTA5 08073,190938.0,0.0,0.0,0.0,329.0,37.0,34,08073
15288,ZCTA5 08074,-666666666.0,0.0,16.0,0.0,0.0,0.0,34,08074
15289,ZCTA5 08075,75209.0,1032.0,3176.0,1785.0,22788.0,1405.0,34,08075
15290,ZCTA5 08077,93836.0,332.0,1125.0,1164.0,17206.0,207.0,34,08077
15291,ZCTA5 08078,61833.0,317.0,743.0,919.0,6652.0,354.0,34,08078
15292,ZCTA5 08079,44063.0,15.0,3293.0,838.0,6363.0,229.0,34,08079
15293,ZCTA5 08080,93835.0,2101.0,1630.0,1377.0,32062.0,286.0,34,08080
15294,ZCTA5 08081,82647.0,1858.0,16151.0,4264.0,26736.0,1894.0,34,08081
15295,ZCTA5 08083,67809.0,352.0,1528.0,606.0,7129.0,255.0,34,08083
15296,ZCTA5 08084,68870.0,354.0,500.0,332.0,5931.0,135.0,34,08084
15297,ZCTA5 08085,110864.0,947.0,2008.0,1282.0,16007.0,620.0,34,08085
15298,ZCTA5 08086,76917.0,249.0,619.0,431.0,6758.0,296.0,34,08086
15299,ZCTA5 08087,61368.0,404.0,201.0,1702.0,23188.0,61.0,34,08087
15300,ZCTA5 08088,73323.0,195.0,374.0,1052.0,23005.0,334.0,34,08088
15301,ZCTA5 08089,62288.0,44.0,822.0,563.0,3269.0,157.0,34,08089
15302,ZCTA5 08090,76975.0,223.0,550.0,293.0,7225.0,135.0,34,08090
15303,ZCTA5 08091,52393.0,283.0,602.0,348.0,4306.0,134.0,34,08091
15304,ZCTA5 08092,75865.0,0.0,0.0,170.0,3353.0,32.0,34,08092
15305,ZCTA5 08093,52844.0,312.0,1338.0,1095.0,6948.0,350.0,34,08093
15306,ZCTA5 08094,73086.0,890.0,6181.0,2535.0,31509.0,678.0,34,08094
15307,ZCTA5 08095,45670.0,0.0,0.0,56.0,75.0,56.0,34,08095
15308,ZCTA5 08096,66250.0,1220.0,4920.0,2458.0,27195.0,1302.0,34,08096
16040,ZCTA5 08097,84583.0,9.0,135.0,109.0,2968.0,16.0,34,08097
16041,ZCTA5 08098,83698.0,99.0,978.0,426.0,8165.0,86.0,34,08098
16042,ZCTA5 08102,20165.0,116.0,2257.0,4859.0,1312.0,3295.0,34,08102
16043,ZCTA5 08103,25217.0,144.0,9570.0,4339.0,2117.0,2256.0,34,08103
16044,ZCTA5 08104,23993.0,76.0,16400.0,7569.0,3060.0,3517.0,34,08104
16045,ZCTA5 08105,31801.0,1496.0,7845.0,18869.0,5816.0,11631.0,34,08105
16046,ZCTA5 08106,69896.0,0.0,317.0,158.0,9326.0,0.0,34,08106
16047,ZCTA5 08107,57314.0,525.0,1993.0,2102.0,9264.0,941.0,34,08107
16048,ZCTA5 08108,80016.0,447.0,826.0,908.0,16580.0,338.0,34,08108
16049,ZCTA5 08109,67809.0,1610.0,3802.0,5079.0,13973.0,2755.0,34,08109
16050,ZCTA5 08110,57478.0,1630.0,6338.0,7323.0,4816.0,4631.0,34,08110
16051,ZCTA5 08201,59521.0,517.0,1439.0,1357.0,7265.0,464.0,34,08201
16052,ZCTA5 08202,81696.0,18.0,0.0,19.0,1481.0,0.0,34,08202
16053,ZCTA5 08203,62303.0,360.0,208.0,800.0,8411.0,22.0,34,08203
16054,ZCTA5 08204,63483.0,197.0,651.0,1275.0,17223.0,218.0,34,08204
16055,ZCTA5 08205,60336.0,3650.0,3686.0,4003.0,18834.0,1378.0,34,08205
16056,ZCTA5 08210,65899.0,310.0,2045.0,494.0,14511.0,78.0,34,08210
16057,ZCTA5 08212,48438.0,0.0,3.0,0.0,209.0,0.0,34,08212
16058,ZCTA5 08215,63873.0,499.0,1275.0,2373.0,10342.0,961.0,34,08215
16059,ZCTA5 08217,-666666666.0,0.0,0.0,0.0,24.0,0.0,34,08217
16060,ZCTA5 08221,84021.0,244.0,73.0,482.0,6435.0,81.0,34,08221
16061,ZCTA5 08223,76176.0,27.0,43.0,83.0,3977.0,0.0,34,08223
16062,ZCTA5 08224,60486.0,0.0,12.0,0.0,520.0,0.0,34,08224
16063,ZCTA5 08225,71810.0,543.0,209.0,855.0,7509.0,130.0,34,08225
16064,ZCTA5 08226,61786.0,217.0,203.0,801.0,10222.0,499.0,34,08226
16065,ZCTA5 08230,83029.0,22.0,8.0,323.0,5448.0,43.0,34,08230
16066,ZCTA5 08232,41802.0,695.0,8472.0,7936.0,7618.0,1921.0,34,08232
16067,ZCTA5 08234,73013.0,5035.0,3655.0,7148.0,29394.0,2557.0,34,08234
16068,ZCTA5 08240,-666666666.0,87.0,212.0,219.0,1878.0,23.0,34,08240
16069,ZCTA5 08241,89904.0,12.0,6.0,40.0,958.0,0.0,34,08241
16070,ZCTA5 08242,51269.0,0.0,95.0,644.0,2380.0,121.0,34,08242
16071,ZCTA5 08243,70333.0,1.0,1.0,25.0,1899.0,0.0,34,08243
16072,ZCTA5 08244,52047.0,422.0,1513.0,1442.0,8499.0,301.0,34,08244
16073,ZCTA5 08246,-666666666.0,34.0,0.0,0.0,85.0,0.0,34,08246
16074,ZCTA5 08247,96071.0,6.0,16.0,0.0,919.0,0.0,34,08247
16075,ZCTA5 08248,212188.0,0.0,0.0,0.0,181.0,0.0,34,08248
16076,ZCTA5 08251,47050.0,0.0,65.0,677.0,9294.0,58.0,34,08251
16077,ZCTA5 08260,43493.0,163.0,511.0,1366.0,12236.0,59.0,34,08260
16078,ZCTA5 08270,62284.0,20.0,744.0,1136.0,7526.0,210.0,34,08270
16079,ZCTA5 08302,49189.0,827.0,11393.0,14519.0,24682.0,6167.0,34,08302
16080,ZCTA5 08310,43333.0,0.0,37.0,77.0,1440.0,1.0,34,08310
16081,ZCTA5 08311,61432.0,2.0,357.0,353.0,1577.0,146.0,34,08311
16082,ZCTA5 08312,63550.0,115.0,1157.0,341.0,6280.0,56.0,34,08312
16083,ZCTA5 08314,73008.0,134.0,1139.0,430.0,961.0,174.0,34,08314
16084,ZCTA5 08316,-666666666.0,14.0,0.0,0.0,313.0,0.0,34,08316
16085,ZCTA5 08317,85313.0,16.0,158.0,99.0,1176.0,14.0,34,08317
16086,ZCTA5 08318,76176.0,76.0,568.0,435.0,11101.0,89.0,34,08318
16087,ZCTA5 08319,86875.0,12.0,22.0,34.0,1158.0,0.0,34,08319
16088,ZCTA5 08320,-666666666.0,17.0,798.0,311.0,246.0,149.0,34,08320
16089,ZCTA5 08321,19559.0,0.0,0.0,0.0,107.0,0.0,34,08321
16090,ZCTA5 08322,79425.0,418.0,842.0,662.0,8686.0,428.0,34,08322
16091,ZCTA5 08323,62083.0,29.0,40.0,32.0,603.0,0.0,34,08323
16092,ZCTA5 08324,72206.0,0.0,0.0,0.0,365.0,0.0,34,08324
16093,ZCTA5 08326,60156.0,7.0,74.0,383.0,1169.0,130.0,34,08326
16094,ZCTA5 08327,80417.0,3.0,1884.0,671.0,1186.0,483.0,34,08327
16095,ZCTA5 08328,51402.0,4.0,26.0,213.0,1094.0,146.0,34,08328
16096,ZCTA5 08329,91250.0,0.0,0.0,0.0,71.0,0.0,34,08329
16097,ZCTA5 08330,62207.0,2379.0,4425.0,3882.0,19059.0,1455.0,34,08330
16098,ZCTA5 08332,49206.0,373.0,5787.0,6026.0,27801.0,1095.0,34,08332
16099,ZCTA5 08340,-666666666.0,0.0,6.0,13.0,846.0,13.0,34,08340
16100,ZCTA5 08341,31851.0,0.0,139.0,1065.0,1374.0,709.0,34,08341
16101,ZCTA5 08343,85167.0,64.0,404.0,253.0,4575.0,108.0,34,08343
16102,ZCTA5 08344,67372.0,21.0,328.0,674.0,4605.0,94.0,34,08344
16103,ZCTA5 08345,53750.0,9.0,50.0,5.0,496.0,0.0,34,08345
16104,ZCTA5 08346,-666666666.0,0.0,337.0,178.0,306.0,0.0,34,08346
16105,ZCTA5 08348,56333.0,0.0,0.0,0.0,278.0,0.0,34,08348
16106,ZCTA5 08349,47734.0,4.0,447.0,56.0,1538.0,12.0,34,08349
16107,ZCTA5 08350,56702.0,0.0,0.0,99.0,1016.0,0.0,34,08350
16108,ZCTA5 08352,68553.0,0.0,205.0,123.0,313.0,65.0,34,08352
16109,ZCTA5 08353,65938.0,3.0,0.0,16.0,327.0,0.0,34,08353
16110,ZCTA5 08360,45027.0,584.0,7105.0,20121.0,27074.0,6477.0,34,08360
16111,ZCTA5 08361,73660.0,272.0,2030.0,2926.0,14293.0,862.0,34,08361
16112,ZCTA5 08401,26566.0,6585.0,15072.0,10855.0,13719.0,2212.0,34,08401
16113,ZCTA5 08402,66154.0,66.0,187.0,147.0,5879.0,0.0,34,08402
16114,ZCTA5 08403,107500.0,3.0,11.0,0.0,1072.0,0.0,34,08403
16115,ZCTA5 08406,49548.0,1135.0,344.0,2343.0,8722.0,119.0,34,08406
16116,ZCTA5 08501,114577.0,366.0,140.0,178.0,5623.0,58.0,34,08501
16117,ZCTA5 08502,170795.0,3912.0,286.0,840.0,7097.0,96.0,34,08502
16118,ZCTA5 08505,86845.0,1385.0,1597.0,1173.0,13959.0,427.0,34,08505
16119,ZCTA5 08510,140307.0,159.0,184.0,582.0,5217.0,193.0,34,08510
16120,ZCTA5 08511,84167.0,15.0,57.0,54.0,831.0,8.0,34,08511
16121,ZCTA5 08512,81159.0,2037.0,659.0,2438.0,7482.0,561.0,34,08512
16122,ZCTA5 08514,89597.0,53.0,209.0,252.0,5238.0,0.0,34,08514
16123,ZCTA5 08515,140625.0,872.0,598.0,546.0,4514.0,198.0,34,08515
16124,ZCTA5 08518,55396.0,450.0,794.0,172.0,3702.0,20.0,34,08518
16125,ZCTA5 08520,88261.0,4800.0,2304.0,5845.0,17574.0,1804.0,34,08520
16126,ZCTA5 08525,122525.0,144.0,58.0,84.0,4683.0,10.0,34,08525
16127,ZCTA5 08527,86592.0,1949.0,2944.0,4958.0,49253.0,535.0,34,08527
16128,ZCTA5 08528,68750.0,39.0,0.0,0.0,134.0,0.0,34,08528
16129,ZCTA5 08530,94738.0,122.0,526.0,328.0,6532.0,90.0,34,08530
16130,ZCTA5 08533,98884.0,37.0,138.0,377.0,5945.0,48.0,34,08533
16131,ZCTA5 08534,125069.0,1300.0,463.0,704.0,11093.0,229.0,34,08534
16132,ZCTA5 08535,155712.0,247.0,67.0,29.0,4186.0,0.0,34,08535
16133,ZCTA5 08536,95533.0,10552.0,1422.0,907.0,6739.0,840.0,34,08536
16134,ZCTA5 08540,124954.0,14405.0,2228.0,2394.0,30076.0,411.0,34,08540
16135,ZCTA5 08542,72013.0,568.0,354.0,1241.0,4587.0,113.0,34,08542
16136,ZCTA5 08550,189480.0,8207.0,501.0,665.0,10277.0,115.0,34,08550
16137,ZCTA5 08551,128929.0,272.0,46.0,239.0,4830.0,0.0,34,08551
16138,ZCTA5 08553,105625.0,7.0,45.0,42.0,560.0,0.0,34,08553
16139,ZCTA5 08554,78429.0,80.0,342.0,268.0,3231.0,12.0,34,08554
16140,ZCTA5 08555,86964.0,9.0,34.0,27.0,669.0,12.0,34,08555
16141,ZCTA5 08558,180625.0,1260.0,48.0,215.0,5679.0,26.0,34,08558
16142,ZCTA5 08559,118311.0,33.0,11.0,125.0,4873.0,0.0,34,08559
16143,ZCTA5 08560,107234.0,99.0,325.0,56.0,3245.0,0.0,34,08560
16144,ZCTA5 08561,-666666666.0,0.0,102.0,0.0,17.0,0.0,34,08561
16145,ZCTA5 08562,59886.0,101.0,745.0,599.0,3525.0,137.0,34,08562
16146,ZCTA5 08608,15855.0,0.0,455.0,244.0,141.0,188.0,34,08608
16147,ZCTA5 08609,29336.0,384.0,7115.0,4487.0,4526.0,1110.0,34,08609
16148,ZCTA5 08610,57765.0,651.0,5466.0,7653.0,21152.0,1999.0,34,08610
16149,ZCTA5 08611,36121.0,491.0,6622.0,15333.0,14960.0,3272.0,34,08611
16150,ZCTA5 08618,40581.0,1012.0,25161.0,4048.0,12534.0,906.0,34,08618
16151,ZCTA5 08619,70203.0,1304.0,2011.0,2464.0,17534.0,732.0,34,08619
16152,ZCTA5 08620,87606.0,368.0,1068.0,727.0,10941.0,170.0,34,08620
16153,ZCTA5 08628,89630.0,563.0,1735.0,506.0,6933.0,81.0,34,08628
16154,ZCTA5 08629,56462.0,331.0,5355.0,5107.0,6784.0,591.0,34,08629
16155,ZCTA5 08638,53435.0,647.0,9541.0,3900.0,11576.0,621.0,34,08638
16156,ZCTA5 08640,59821.0,136.0,2586.0,1884.0,4374.0,450.0,34,08640
16157,ZCTA5 08641,51551.0,250.0,713.0,822.0,2902.0,256.0,34,08641
16158,ZCTA5 08648,93696.0,5039.0,4082.0,2558.0,21570.0,709.0,34,08648
16159,ZCTA5 08690,96503.0,1287.0,900.0,1092.0,16836.0,25.0,34,08690
16160,ZCTA5 08691,115118.0,1839.0,403.0,754.0,13037.0,224.0,34,08691
16161,ZCTA5 08701,42993.0,764.0,3584.0,16129.0,89119.0,3573.0,34,08701
16162,ZCTA5 08720,120701.0,0.0,14.0,5.0,934.0,5.0,34,08720
16163,ZCTA5 08721,77990.0,316.0,481.0,1440.0,19500.0,132.0,34,08721
16164,ZCTA5 08722,70586.0,132.0,202.0,670.0,10541.0,98.0,34,08722
16165,ZCTA5 08723,66378.0,852.0,964.0,2947.0,28515.0,1184.0,34,08723
16166,ZCTA5 08724,77297.0,820.0,860.0,3169.0,38980.0,549.0,34,08724
16167,ZCTA5 08730,127163.0,18.0,153.0,226.0,4465.0,72.0,34,08730
16168,ZCTA5 08731,70976.0,280.0,71.0,1284.0,19294.0,197.0,34,08731
16169,ZCTA5 08732,81574.0,19.0,14.0,55.0,1305.0,0.0,34,08732
16170,ZCTA5 08733,59878.0,66.0,203.0,366.0,2340.0,76.0,34,08733
16171,ZCTA5 08734,79907.0,0.0,50.0,340.0,8233.0,18.0,34,08734
16172,ZCTA5 08735,60719.0,14.0,0.0,100.0,3414.0,0.0,34,08735
16173,ZCTA5 08736,106362.0,394.0,75.0,487.0,12091.0,21.0,34,08736
16174,ZCTA5 08738,89375.0,5.0,12.0,15.0,914.0,1.0,34,08738
16175,ZCTA5 08740,64924.0,5.0,74.0,122.0,1981.0,0.0,34,08740
16176,ZCTA5 08741,88971.0,39.0,28.0,97.0,2487.0,15.0,34,08741
16177,ZCTA5 08742,87426.0,98.0,124.0,1155.0,23643.0,267.0,34,08742
16178,ZCTA5 08750,114013.0,10.0,2.0,69.0,3235.0,31.0,34,08750
16179,ZCTA5 08751,50982.0,72.0,59.0,1008.0,3553.0,537.0,34,08751
16180,ZCTA5 08752,68906.0,4.0,17.0,57.0,2258.0,17.0,34,08752
16181,ZCTA5 08753,73227.0,1778.0,1900.0,5266.0,57199.0,896.0,34,08753
16182,ZCTA5 08755,69682.0,1735.0,592.0,2066.0,22356.0,362.0,34,08755
16183,ZCTA5 08757,39271.0,566.0,1889.0,2871.0,29354.0,708.0,34,08757
16184,ZCTA5 08758,64531.0,0.0,3.0,228.0,7569.0,0.0,34,08758
16185,ZCTA5 08759,36980.0,574.0,1590.0,1278.0,30108.0,174.0,34,08759
16186,ZCTA5 08801,115700.0,342.0,1605.0,1141.0,6435.0,380.0,34,08801
16187,ZCTA5 08802,119922.0,85.0,4.0,246.0,4016.0,18.0,34,08802
16188,ZCTA5 08804,77292.0,14.0,8.0,96.0,2292.0,20.0,34,08804
16189,ZCTA5 08805,68857.0,301.0,554.0,5094.0,10379.0,708.0,34,08805
16190,ZCTA5 08807,115974.0,9115.0,1201.0,3942.0,26575.0,1377.0,34,08807
16191,ZCTA5 08808,72750.0,0.0,0.0,0.0,33.0,0.0,34,08808
16192,ZCTA5 08809,99000.0,374.0,579.0,521.0,4800.0,59.0,34,08809
16193,ZCTA5 08810,122009.0,3801.0,987.0,772.0,3494.0,318.0,34,08810
16194,ZCTA5 08812,92490.0,2193.0,1557.0,3171.0,9178.0,1240.0,34,08812
16195,ZCTA5 08816,101245.0,11720.0,2615.0,3493.0,31432.0,542.0,34,08816
16196,ZCTA5 08817,84605.0,17980.0,3476.0,5344.0,19580.0,2482.0,34,08817
16197,ZCTA5 08820,116577.0,26148.0,1501.0,2027.0,10986.0,533.0,34,08820
16198,ZCTA5 08821,54868.0,0.0,44.0,43.0,302.0,0.0,34,08821
16199,ZCTA5 08822,104104.0,1741.0,499.0,2781.0,27292.0,576.0,34,08822
16200,ZCTA5 08823,101690.0,3318.0,2509.0,902.0,3034.0,324.0,34,08823
16201,ZCTA5 08824,122309.0,4061.0,1091.0,1024.0,7158.0,127.0,34,08824
16202,ZCTA5 08825,101618.0,93.0,10.0,92.0,4434.0,24.0,34,08825
16203,ZCTA5 08826,92361.0,133.0,91.0,246.0,5046.0,40.0,34,08826
16204,ZCTA5 08827,110395.0,93.0,23.0,170.0,3999.0,44.0,34,08827
16205,ZCTA5 08828,75096.0,225.0,86.0,218.0,1963.0,28.0,34,08828
16206,ZCTA5 08829,84634.0,98.0,56.0,191.0,3431.0,12.0,34,08829
16207,ZCTA5 08830,83329.0,9540.0,1827.0,1365.0,6773.0,269.0,34,08830
16208,ZCTA5 08831,73122.0,7961.0,2698.0,3137.0,37553.0,220.0,34,08831
16209,ZCTA5 08832,53813.0,147.0,313.0,1362.0,1465.0,282.0,34,08832
16210,ZCTA5 08833,133576.0,172.0,32.0,389.0,7790.0,7.0,34,08833
16211,ZCTA5 08835,65163.0,229.0,319.0,2547.0,9244.0,586.0,34,08835
16212,ZCTA5 08836,143500.0,695.0,86.0,369.0,3042.0,0.0,34,08836
16213,ZCTA5 08837,74764.0,5895.0,1760.0,2011.0,7956.0,501.0,34,08837
16214,ZCTA5 08840,111833.0,3195.0,1005.0,1162.0,11535.0,228.0,34,08840
16215,ZCTA5 08844,115286.0,6250.0,1972.0,2966.0,29998.0,458.0,34,08844
16216,ZCTA5 08846,82663.0,1128.0,1396.0,2819.0,9901.0,1060.0,34,08846
16217,ZCTA5 08848,95094.0,30.0,35.0,248.0,8237.0,4.0,34,08848
16218,ZCTA5 08850,108114.0,806.0,137.0,609.0,7654.0,26.0,34,08850
16219,ZCTA5 08852,101088.0,8283.0,1670.0,750.0,7293.0,317.0,34,08852
16220,ZCTA5 08853,122917.0,491.0,694.0,335.0,3990.0,72.0,34,08853
16221,ZCTA5 08854,89244.0,21266.0,11610.0,6388.0,21499.0,1288.0,34,08854
16222,ZCTA5 08857,88736.0,5439.0,2469.0,4868.0,31225.0,626.0,34,08857
16223,ZCTA5 08858,-666666666.0,0.0,0.0,0.0,144.0,0.0,34,08858
16224,ZCTA5 08859,78787.0,3847.0,2166.0,2878.0,14872.0,360.0,34,08859
16225,ZCTA5 08861,50067.0,1265.0,3963.0,43604.0,43498.0,4654.0,34,08861
16226,ZCTA5 08863,80420.0,2289.0,1389.0,2830.0,7964.0,709.0,34,08863
16227,ZCTA5 08865,57756.0,579.0,2165.0,2686.0,25097.0,655.0,34,08865
16228,ZCTA5 08867,123241.0,190.0,5.0,162.0,4921.0,2.0,34,08867
16229,ZCTA5 08869,72981.0,1208.0,198.0,1419.0,5798.0,148.0,34,08869
16230,ZCTA5 08872,74352.0,3087.0,3392.0,2285.0,13444.0,134.0,34,08872
16231,ZCTA5 08873,87213.0,10383.0,14677.0,7227.0,24845.0,1615.0,34,08873
16232,ZCTA5 08876,86395.0,2171.0,1594.0,3247.0,17631.0,607.0,34,08876
16233,ZCTA5 08879,71242.0,2446.0,1522.0,2970.0,18483.0,327.0,34,08879
16234,ZCTA5 08880,77713.0,481.0,387.0,1404.0,3232.0,136.0,34,08880
16235,ZCTA5 08882,64951.0,877.0,1211.0,3990.0,12688.0,855.0,34,08882
16236,ZCTA5 08884,74668.0,195.0,235.0,919.0,7736.0,90.0,34,08884
16237,ZCTA5 08886,106429.0,422.0,451.0,321.0,6030.0,77.0,34,08886
16238,ZCTA5 08887,82692.0,48.0,3.0,30.0,1051.0,14.0,34,08887
16239,ZCTA5 08889,130814.0,405.0,8.0,517.0,9385.0,0.0,34,08889
16240,ZCTA5 08890,-666666666.0,0.0,0.0,0.0,0.0,0.0,34,08890
16241,ZCTA5 08901,40428.0,5230.0,7672.0,31731.0,38777.0,4544.0,34,08901
16242,ZCTA5 08902,83057.0,10574.0,7374.0,7974.0,21311.0,1659.0,34,08902
16243,ZCTA5 08904,67829.0,2155.0,1007.0,2012.0,10058.0,679.0,34,08904
29809,ZCTA5 07001,64821.0,3580.0,4673.0,3081.0,8926.0,643.0,34,07001
29810,ZCTA5 07002,54862.0,6499.0,6966.0,17089.0,44350.0,5450.0,34,07002
29811,ZCTA5 07003,72881.0,4372.0,8675.0,13348.0,30125.0,3441.0,34,07003
29812,ZCTA5 07004,100313.0,250.0,0.0,313.0,7155.0,19.0,34,07004
29813,ZCTA5 07005,104838.0,1229.0,384.0,1473.0,13344.0,256.0,34,07005
29814,ZCTA5 07006,106519.0,1461.0,428.0,1690.0,22727.0,383.0,34,07006
29815,ZCTA5 07008,67776.0,4973.0,3935.0,7677.0,13558.0,923.0,34,07008
29816,ZCTA5 07009,110125.0,964.0,742.0,572.0,10740.0,8.0,34,07009
29817,ZCTA5 07010,60616.0,3366.0,679.0,7400.0,17275.0,2552.0,34,07010
29818,ZCTA5 07011,55432.0,2034.0,3078.0,22005.0,26816.0,8278.0,34,07011
29819,ZCTA5 07012,83472.0,1656.0,394.0,1894.0,8636.0,408.0,34,07012
29820,ZCTA5 07013,86002.0,3527.0,1317.0,5330.0,19224.0,1660.0,34,07013
29821,ZCTA5 07014,100449.0,763.0,616.0,1092.0,3572.0,197.0,34,07014
29822,ZCTA5 07016,116851.0,789.0,725.0,1963.0,20970.0,608.0,34,07016
29823,ZCTA5 07017,39031.0,303.0,31691.0,3364.0,1180.0,2385.0,34,07017
29824,ZCTA5 07018,38143.0,202.0,25642.0,1848.0,968.0,1164.0,34,07018
29825,ZCTA5 07020,102355.0,4106.0,520.0,1560.0,6749.0,207.0,34,07020
29826,ZCTA5 07021,173750.0,88.0,9.0,111.0,1987.0,0.0,34,07021
29827,ZCTA5 07022,54177.0,739.0,478.0,8426.0,10759.0,1780.0,34,07022
29828,ZCTA5 07023,119383.0,560.0,568.0,687.0,6104.0,22.0,34,07023
29829,ZCTA5 07024,75498.0,15201.0,904.0,4181.0,18496.0,1003.0,34,07024
29830,ZCTA5 07026,48263.0,796.0,1569.0,11328.0,26448.0,1717.0,34,07026
29831,ZCTA5 07027,74521.0,52.0,76.0,763.0,3861.0,273.0,34,07027
29832,ZCTA5 07028,170429.0,206.0,618.0,980.0,6542.0,67.0,34,07028
29833,ZCTA5 07029,58320.0,3262.0,453.0,8612.0,9047.0,4439.0,34,07029
29834,ZCTA5 07030,118479.0,4644.0,1471.0,8145.0,44709.0,762.0,34,07030
29835,ZCTA5 07031,76698.0,1528.0,242.0,4193.0,12871.0,773.0,34,07031
29836,ZCTA5 07032,61510.0,1952.0,1720.0,19310.0,28114.0,8500.0,34,07032
29837,ZCTA5 07033,101250.0,370.0,421.0,1666.0,6326.0,645.0,34,07033
29838,ZCTA5 07034,86948.0,2644.0,269.0,1381.0,6058.0,228.0,34,07034
29839,ZCTA5 07035,84736.0,597.0,246.0,1025.0,9614.0,156.0,34,07035
29840,ZCTA5 07036,63861.0,1387.0,12448.0,12902.0,24358.0,3490.0,34,07036
29841,ZCTA5 07039,145916.0,6655.0,460.0,1116.0,21789.0,166.0,34,07039
29842,ZCTA5 07040,115738.0,737.0,8125.0,1738.0,14327.0,300.0,34,07040
29843,ZCTA5 07041,101990.0,1333.0,634.0,543.0,5251.0,63.0,34,07041
29844,ZCTA5 07042,85917.0,992.0,8716.0,2704.0,13844.0,826.0,34,07042
29845,ZCTA5 07043,188188.0,433.0,790.0,894.0,11147.0,162.0,34,07043
29846,ZCTA5 07044,104786.0,753.0,360.0,874.0,12352.0,70.0,34,07044
29847,ZCTA5 07045,139969.0,1647.0,169.0,382.0,8638.0,0.0,34,07045
29848,ZCTA5 07046,162206.0,598.0,23.0,91.0,3599.0,10.0,34,07046
29849,ZCTA5 07047,56129.0,4025.0,2264.0,46910.0,43538.0,11290.0,34,07047
29850,ZCTA5 07050,35742.0,421.0,22102.0,6894.0,3314.0,4009.0,34,07050
29851,ZCTA5 07052,92479.0,3349.0,12989.0,8963.0,27262.0,1477.0,34,07052
29852,ZCTA5 07054,83936.0,11043.0,1458.0,2973.0,16013.0,378.0,34,07054
29853,ZCTA5 07055,33904.0,2244.0,8345.0,50864.0,37510.0,18279.0,34,07055
29854,ZCTA5 07057,57813.0,609.0,356.0,1765.0,10326.0,136.0,34,07057
29855,ZCTA5 07058,111531.0,1661.0,13.0,29.0,3625.0,0.0,34,07058
29856,ZCTA5 07059,139181.0,2863.0,161.0,945.0,12270.0,323.0,34,07059
29857,ZCTA5 07060,57470.0,1055.0,12717.0,22124.0,14627.0,15876.0,34,07060
29858,ZCTA5 07062,66774.0,311.0,7318.0,3188.0,2656.0,2337.0,34,07062
29859,ZCTA5 07063,75015.0,239.0,5199.0,5706.0,3017.0,5030.0,34,07063
29860,ZCTA5 07064,77094.0,395.0,286.0,1005.0,3123.0,71.0,34,07064
29861,ZCTA5 07065,66439.0,1167.0,8711.0,9156.0,14477.0,3496.0,34,07065
29862,ZCTA5 07066,85273.0,347.0,164.0,1837.0,14525.0,131.0,34,07066
29863,ZCTA5 07067,100907.0,2426.0,638.0,2110.0,14128.0,544.0,34,07067
29864,ZCTA5 07068,96250.0,543.0,50.0,681.0,5053.0,62.0,34,07068
29865,ZCTA5 07069,122917.0,839.0,175.0,565.0,5111.0,17.0,34,07069
29866,ZCTA5 07070,87587.0,3075.0,393.0,3136.0,14071.0,265.0,34,07070
29867,ZCTA5 07071,70099.0,1606.0,279.0,4467.0,18627.0,779.0,34,07071
29868,ZCTA5 07072,84268.0,444.0,0.0,1564.0,5348.0,301.0,34,07072
29869,ZCTA5 07073,76771.0,1584.0,444.0,2231.0,6510.0,332.0,34,07073
29870,ZCTA5 07074,53462.0,204.0,15.0,825.0,1925.0,399.0,34,07074
29871,ZCTA5 07075,100169.0,1084.0,108.0,770.0,6641.0,117.0,34,07075
29872,ZCTA5 07076,110591.0,1983.0,2804.0,1974.0,18405.0,244.0,34,07076
29873,ZCTA5 07077,78857.0,191.0,295.0,271.0,1830.0,40.0,34,07077
29874,ZCTA5 07078,250001.0,2481.0,47.0,415.0,9952.0,9.0,34,07078
29875,ZCTA5 07079,115770.0,884.0,4493.0,947.0,10261.0,80.0,34,07079
29876,ZCTA5 07080,91691.0,3921.0,2530.0,3852.0,15295.0,1592.0,34,07080
29877,ZCTA5 07081,101416.0,1806.0,1039.0,1374.0,13500.0,824.0,34,07081
29878,ZCTA5 07082,122458.0,890.0,5.0,269.0,3804.0,63.0,34,07082
29879,ZCTA5 07083,80474.0,5917.0,14273.0,9673.0,28256.0,4808.0,34,07083
29880,ZCTA5 07086,83447.0,1567.0,619.0,5162.0,10360.0,537.0,34,07086
29881,ZCTA5 07087,42546.0,2668.0,3732.0,56433.0,47560.0,12710.0,34,07087
29882,ZCTA5 07088,51802.0,31.0,2830.0,311.0,415.0,149.0,34,07088
29883,ZCTA5 07090,149988.0,1948.0,998.0,2676.0,26138.0,875.0,34,07090
29884,ZCTA5 07092,122500.0,418.0,71.0,92.0,6146.0,75.0,34,07092
29885,ZCTA5 07093,50972.0,4063.0,2446.0,48856.0,39383.0,15107.0,34,07093
29886,ZCTA5 07094,94160.0,5150.0,522.0,3827.0,11596.0,611.0,34,07094
29887,ZCTA5 07095,80523.0,4679.0,2357.0,4365.0,11139.0,798.0,34,07095
29888,ZCTA5 07102,23797.0,727.0,6245.0,3396.0,3504.0,1813.0,34,07102
29889,ZCTA5 07103,27652.0,516.0,25654.0,5040.0,2287.0,2788.0,34,07103
29890,ZCTA5 07104,33204.0,1062.0,13744.0,32028.0,17391.0,14327.0,34,07104
29891,ZCTA5 07105,44096.0,229.0,5212.0,26976.0,28615.0,18329.0,34,07105
29892,ZCTA5 07106,35217.0,1354.0,26230.0,3520.0,1332.0,2751.0,34,07106
29893,ZCTA5 07107,30685.0,654.0,14469.0,21842.0,9859.0,12344.0,34,07107
29894,ZCTA5 07108,25323.0,57.0,18039.0,2671.0,1224.0,1501.0,34,07108
29895,ZCTA5 07109,64869.0,4163.0,3659.0,16206.0,21057.0,5727.0,34,07109
29896,ZCTA5 07110,89452.0,3081.0,817.0,4108.0,22912.0,799.0,34,07110
29897,ZCTA5 07111,37538.0,1137.0,46497.0,5279.0,3356.0,2561.0,34,07111
29898,ZCTA5 07112,34625.0,244.0,23407.0,1260.0,371.0,1035.0,34,07112
29899,ZCTA5 07114,22196.0,71.0,7831.0,4239.0,3643.0,1814.0,34,07114
29900,ZCTA5 07201,43130.0,153.0,7403.0,15730.0,13573.0,4434.0,34,07201
29901,ZCTA5 07202,42503.0,850.0,6377.0,26101.0,19439.0,13263.0,34,07202
29902,ZCTA5 07203,46118.0,489.0,11669.0,5954.0,5394.0,3377.0,34,07203
29903,ZCTA5 07204,66168.0,995.0,1012.0,3769.0,8712.0,2339.0,34,07204
29904,ZCTA5 07205,61955.0,654.0,11937.0,3791.0,6295.0,2139.0,34,07205
29905,ZCTA5 07206,44058.0,162.0,5952.0,19636.0,10831.0,10355.0,34,07206
29906,ZCTA5 07208,46558.0,992.0,5505.0,19337.0,18633.0,5045.0,34,07208
29907,ZCTA5 07302,108888.0,11540.0,3356.0,7585.0,23110.0,1035.0,34,07302
29908,ZCTA5 07304,45088.0,6918.0,17058.0,12670.0,10975.0,6596.0,34,07304
29909,ZCTA5 07305,46652.0,9989.0,32666.0,14420.0,13178.0,6024.0,34,07305
29910,ZCTA5 07306,49540.0,19325.0,7681.0,15014.0,24098.0,2080.0,34,07306
29911,ZCTA5 07307,56983.0,9024.0,3121.0,22234.0,17371.0,13692.0,34,07307
29912,ZCTA5 07310,134951.0,8551.0,1084.0,1491.0,3212.0,319.0,34,07310
29913,ZCTA5 07311,201920.0,103.0,13.0,59.0,273.0,0.0,34,07311
29914,ZCTA5 07401,151641.0,759.0,75.0,134.0,5801.0,0.0,34,07401
29915,ZCTA5 07403,77540.0,267.0,96.0,1458.0,7258.0,158.0,34,07403
29916,ZCTA5 07405,110890.0,878.0,39.0,2326.0,16234.0,198.0,34,07405
29917,ZCTA5 07407,73837.0,1599.0,1176.0,5987.0,15301.0,1204.0,34,07407
29918,ZCTA5 07410,102716.0,4110.0,499.0,4985.0,27297.0,804.0,34,07410
29919,ZCTA5 07416,57875.0,59.0,185.0,439.0,5247.0,6.0,34,07416
29920,ZCTA5 07417,160000.0,794.0,206.0,715.0,9476.0,80.0,34,07417
29921,ZCTA5 07418,99688.0,24.0,35.0,86.0,1976.0,16.0,34,07418
29922,ZCTA5 07419,85458.0,203.0,191.0,365.0,8189.0,39.0,34,07419
29923,ZCTA5 07420,76627.0,452.0,276.0,782.0,3944.0,165.0,34,07420
29924,ZCTA5 07421,94375.0,148.0,86.0,362.0,6547.0,215.0,34,07421
29925,ZCTA5 07422,88000.0,31.0,53.0,493.0,5966.0,71.0,34,07422
29926,ZCTA5 07423,163988.0,213.0,1.0,362.0,3784.0,54.0,34,07423
29927,ZCTA5 07424,75125.0,1887.0,1072.0,4979.0,22106.0,964.0,34,07424
29928,ZCTA5 07430,106875.0,3157.0,1004.0,2105.0,21157.0,626.0,34,07430
29929,ZCTA5 07432,99436.0,105.0,4.0,793.0,6921.0,72.0,34,07432
29930,ZCTA5 07435,124853.0,124.0,0.0,81.0,2535.0,14.0,34,07435
29931,ZCTA5 07436,112917.0,516.0,126.0,912.0,12161.0,19.0,34,07436
29932,ZCTA5 07438,101299.0,113.0,85.0,814.0,11016.0,73.0,34,07438
29933,ZCTA5 07439,81932.0,51.0,5.0,173.0,2353.0,17.0,34,07439
29934,ZCTA5 07440,95795.0,92.0,20.0,358.0,4201.0,50.0,34,07440
29935,ZCTA5 07442,91604.0,629.0,22.0,2085.0,10001.0,263.0,34,07442
29936,ZCTA5 07444,81738.0,137.0,15.0,874.0,10496.0,173.0,34,07444
29937,ZCTA5 07446,133413.0,1382.0,17.0,585.0,13473.0,17.0,34,07446
29938,ZCTA5 07450,144918.0,3805.0,436.0,2085.0,20173.0,222.0,34,07450
29939,ZCTA5 07452,159247.0,1257.0,86.0,819.0,10346.0,11.0,34,07452
29940,ZCTA5 07456,114563.0,463.0,117.0,722.0,11167.0,72.0,34,07456
29941,ZCTA5 07457,97045.0,205.0,0.0,464.0,3856.0,121.0,34,07457
29942,ZCTA5 07458,166398.0,1729.0,380.0,882.0,9175.0,59.0,34,07458
29943,ZCTA5 07460,95156.0,20.0,7.0,13.0,3470.0,0.0,34,07460
29944,ZCTA5 07461,84596.0,400.0,395.0,1116.0,17827.0,82.0,34,07461
29945,ZCTA5 07462,86003.0,38.0,146.0,1032.0,6289.0,152.0,34,07462
29946,ZCTA5 07463,110089.0,613.0,186.0,662.0,8880.0,127.0,34,07463
29947,ZCTA5 07465,84308.0,260.0,157.0,417.0,6250.0,21.0,34,07465
29948,ZCTA5 07470,107320.0,4461.0,1317.0,6593.0,47727.0,728.0,34,07470
29949,ZCTA5 07480,105938.0,325.0,161.0,1728.0,15704.0,46.0,34,07480
29950,ZCTA5 07481,143750.0,857.0,66.0,799.0,15911.0,67.0,34,07481
29951,ZCTA5 07495,-666666666.0,0.0,0.0,0.0,0.0,0.0,34,07495
29952,ZCTA5 07501,25379.0,676.0,9226.0,20727.0,8825.0,11691.0,34,07501
29953,ZCTA5 07502,54840.0,2562.0,3603.0,9684.0,6965.0,2480.0,34,07502
29954,ZCTA5 07503,34867.0,606.0,1055.0,11533.0,9890.0,5781.0,34,07503
